VendorID,tpep_pickup_datetime,tpep_dropoff_datetime,passenger_count,trip_distance,pickup_longitude,pickup_latitude,RatecodeID,dropoff_longitude,dropoff_latitude,payment_type,fare_amount,extra,mta_tax,tip_amount,tolls_amount,total_amount,date,DATE,PRCP,TMIN,TMAX
2,1/15/16 20:16,1/15/16 20:29,1,1.88,-73.98020172,40.74871826,1,-73.98758698,40.72867584,1,10,0.5,0.5,1.7,0,13,1/15/16,1/15/16 0:00,0,34,51
1,2/12/16 14:35,2/12/16 14:56,1,2.1,-74.00004578,40.72187042,1,-73.98830414,40.74354553,1,13.5,0,0.5,2.85,0,17.15,2/12/16,2/12/16 0:00,0,15,27
1,1/10/16 11:11,1/10/16 11:34,1,6.8,-73.97045135,40.79935837,1,-73.98566437,40.72792435,1,23,0,0.5,4.75,0,28.55,1/10/16,1/10/16 0:00,1.8,40,59
2,3/14/16 23:04,3/14/16 23:35,1,7.3,-74.00392151,40.70743561,1,-73.98615265,40.7582283,1,26,0.5,0.5,0,0,27.3,3/14/16,3/14/16 0:00,0.29,40,51
2,3/9/16 18:05,3/9/16 18:09,1,0.46,-73.94989777,40.77209091,1,-73.95635223,40.77585983,1,4.5,1,0.5,1.26,0,7.56,3/9/16,3/9/16 0:00,0,44,77
1,1/27/16 23:29,1/27/16 23:47,1,3.1,-73.99150848,40.75404739,1,-73.95352936,40.77116776,1,14.5,0.5,0.5,3.15,0,18.95,1/27/16,1/27/16 0:00,0,34,47
2,2/5/16 5:41,2/5/16 5:45,1,0.92,-73.99138641,40.75706863,1,-73.9804306,40.76043701,1,5,0.5,0.5,1.26,0,7.56,2/5/16,2/5/16 0:00,0.53,31,44
2,2/6/16 0:36,2/6/16 0:46,1,1.19,-73.98589325,40.73117828,1,-73.99649048,40.73777008,1,8,0.5,0.5,2,0,11.3,2/6/16,2/6/16 0:00,0,30,40
2,1/3/16 14:29,1/3/16 14:37,2,1.61,-73.98114777,40.76781082,1,-73.96784973,40.78729248,2,8.5,0,0.5,0,0,9.3,1/3/16,1/3/16 0:00,0,35,45
2,3/11/16 18:11,3/11/16 18:17,1,1.3,-73.98379517,40.77559662,1,-73.97608948,40.79138184,2,6.5,1,0.5,0,0,8.3,3/11/16,3/11/16 0:00,0.06,48,68
1,1/9/16 12:25,1/9/16 12:42,1,2.7,-74.00437927,40.73344421,1,-73.99461365,40.75051498,1,13.5,0,0.5,2.85,0,17.15,1/9/16,1/9/16 0:00,0,40,47
1,2/6/16 12:36,2/6/16 12:46,1,1.9,-73.98155975,40.7783699,1,-74.00261688,40.76066589,2,9.5,0,0.5,0,0,10.3,2/6/16,2/6/16 0:00,0,30,40
2,3/10/16 8:57,3/10/16 9:31,1,4.17,-73.97444153,40.7908783,1,-73.98030853,40.74528503,1,22.5,0,0.5,4.66,0,27.96,3/10/16,3/10/16 0:00,0,63,79
2,2/3/16 17:32,2/3/16 17:59,5,3.09,-73.97015381,40.76161575,1,-73.99241638,40.72541428,1,17.5,1,0.5,0,0,19.3,2/3/16,2/3/16 0:00,0.73,42,59
1,3/1/16 16:01,3/1/16 16:07,1,0.6,-73.9764328,40.75718307,1,-73.98648834,40.76137924,2,5,1,0.5,0,0,6.8,3/1/16,3/1/16 0:00,0,39,52
1,1/4/16 18:53,1/4/16 19:14,2,6.1,-73.97143555,40.79773331,1,-73.98796082,40.73775864,1,21,1,0.5,5.7,0,28.5,1/4/16,1/4/16 0:00,0,14,36
2,3/9/16 14:26,3/9/16 14:42,2,1.34,-73.95327759,40.76776886,1,-73.96871185,40.76115036,1,11,0,0.5,2.36,0,14.16,3/9/16,3/9/16 0:00,0,44,77
2,2/4/16 21:45,2/4/16 21:48,1,0.91,-74.00563049,40.74052811,1,-74.00369263,40.7507782,1,5,0.5,0.5,1.26,0,7.56,2/4/16,2/4/16 0:00,0,44,59
2,2/7/16 14:59,2/7/16 15:11,6,2.91,-74.0131073,40.70172882,1,-74.00640869,40.73971176,1,11.5,0,0.5,2.46,0,14.76,2/7/16,2/7/16 0:00,0,33,47
1,1/9/16 10:39,1/9/16 10:54,1,4.6,-73.98639679,40.72195053,1,-73.92909241,40.70752716,1,16,0,0.5,3.35,0,20.15,1/9/16,1/9/16 0:00,0,40,47
2,2/6/16 12:59,2/6/16 13:07,1,1.24,-73.97499084,40.74752045,1,-73.98669434,40.73963165,2,7.5,0,0.5,0,0,8.3,2/6/16,2/6/16 0:00,0,30,40
2,3/1/16 23:04,3/1/16 23:26,5,8.47,-73.98828888,40.71832275,1,-73.98991394,40.67083359,1,26.5,0.5,0.5,5.56,0,33.36,3/1/16,3/1/16 0:00,0,39,52
1,1/27/16 23:27,1/27/16 23:49,1,3.6,-73.97386169,40.75139999,1,-73.92408752,40.74564362,1,18,0.5,0.5,3.85,0,23.15,1/27/16,1/27/16 0:00,0,34,47
2,3/13/16 20:36,3/13/16 20:43,2,1.29,-73.99478149,40.71841049,1,-73.98132324,40.72521973,2,7,0.5,0.5,0,0,8.3,3/13/16,3/13/16 0:00,0,50,62
1,2/6/16 0:11,2/6/16 0:14,1,0.8,-74.00146484,40.74665451,1,-73.99747467,40.75369263,1,5,0.5,0.5,1.55,0,7.85,2/6/16,2/6/16 0:00,0,30,40
1,1/8/16 10:58,1/8/16 11:08,1,1.4,-73.99454498,40.75043869,1,-73.97893524,40.76269913,1,8.5,0,0.5,2.75,0,12.05,1/8/16,1/8/16 0:00,0,31,46
1,2/12/16 7:56,2/12/16 8:38,2,9.9,-73.87468719,40.77381897,1,-73.97195435,40.75686646,1,33,0,0.5,8,5.54,47.34,2/12/16,2/12/16 0:00,0,15,27
2,2/10/16 21:05,2/10/16 21:22,2,2.26,-73.97952271,40.75268555,1,-73.98918152,40.77441025,1,12,0.5,0.5,2.66,0,15.96,2/10/16,2/10/16 0:00,0.01,31,39
1,3/14/16 7:09,3/14/16 7:15,1,1.2,-73.99092102,40.73959351,1,-73.97491455,40.74179459,1,6,0,0.5,1.5,0,8.3,3/14/16,3/14/16 0:00,0.29,40,51
1,3/2/16 19:26,3/2/16 19:39,1,1.8,-73.98357391,40.7708168,1,-73.97911072,40.75149155,2,10,1,0.5,0,0,11.8,3/2/16,3/2/16 0:00,0.14,29,55
2,3/5/16 18:38,3/5/16 18:50,1,0.97,-73.99121857,40.73233032,1,-73.98918915,40.72301102,2,8.5,0,0.5,0,0,9.3,3/5/16,3/5/16 0:00,0,28,41
2,2/6/16 16:37,2/6/16 16:46,1,1.35,-73.998703,40.74369431,1,-73.99382019,40.73277664,1,7.5,0,0.5,1.66,0,9.96,2/6/16,2/6/16 0:00,0,30,40
1,1/7/16 23:06,1/7/16 23:20,1,3.5,-73.98777771,40.73827362,1,-73.98471069,40.70294571,1,13.5,0.5,0.5,1,0,15.8,1/7/16,1/7/16 0:00,0,31,46
2,3/11/16 16:44,3/11/16 16:57,1,1.04,-73.97769165,40.74966812,1,-73.99221039,40.74925995,1,9.5,1,0.5,1,0,12.3,3/11/16,3/11/16 0:00,0.06,48,68
2,3/10/16 18:28,3/10/16 18:40,1,1.68,-73.99369812,40.74164963,1,-73.99375153,40.7270813,1,9.5,1,0.5,2.26,0,13.56,3/10/16,3/10/16 0:00,0,63,79
2,2/3/16 17:26,2/3/16 17:30,1,0.59,-73.95171356,40.76648331,1,-73.95292664,40.77155685,1,4.5,1,0.5,1,0,7.3,2/3/16,2/3/16 0:00,0.73,42,59
2,3/5/16 14:15,3/5/16 14:23,1,1.29,-73.99404907,40.74146271,1,-73.99053955,40.75515747,1,7,0,0.5,1.95,0,9.75,3/5/16,3/5/16 0:00,0,28,41
2,3/1/16 22:14,3/1/16 22:18,1,0.5,-73.98652649,40.74028397,1,-73.99051666,40.73647308,2,4.5,0.5,0.5,0,0,5.8,3/1/16,3/1/16 0:00,0,39,52
1,2/3/16 14:49,2/3/16 15:18,1,3.3,-73.95967865,40.76940536,1,-73.99552155,40.74403763,1,19,0,0.5,0,0,19.8,2/3/16,2/3/16 0:00,0.73,42,59
1,2/6/16 23:28,2/6/16 23:40,1,1.5,-74.00839233,40.73548508,1,-73.99382019,40.72715759,1,9,0.5,0.5,2.06,0,12.36,2/6/16,2/6/16 0:00,0,30,40
1,2/7/16 1:35,2/7/16 1:39,1,1.2,-73.95246887,40.77230072,1,-73.97157288,40.78204346,2,6,0.5,0.5,0,0,7.3,2/7/16,2/7/16 0:00,0,33,47
2,3/2/16 17:00,3/2/16 18:06,2,11.14,-73.86283875,40.76900101,1,-74.0009079,40.73186874,1,46.5,1,0.5,12.08,0,60.38,3/2/16,3/2/16 0:00,0.14,29,55
1,3/4/16 19:31,3/4/16 19:39,1,1.2,-73.99559784,40.75949478,1,-73.98052216,40.76188278,1,7,1,0.5,1.75,0,10.55,3/4/16,3/4/16 0:00,0.11,30,39
2,2/7/16 2:27,2/7/16 2:44,5,4.98,-73.98342896,40.72288513,1,-73.94052887,40.75200272,1,16.5,0.5,0.5,3.56,0,21.36,2/7/16,2/7/16 0:00,0,33,47
2,3/12/16 23:12,3/13/16 0:12,1,12.49,-73.98423004,40.7597084,1,-73.98540497,40.75893021,1,47.5,0.5,0.5,9.76,0,58.56,3/12/16,3/12/16 0:00,0,40,59
2,3/9/16 19:11,3/9/16 19:14,6,0.64,-73.96447754,40.76488113,1,-73.9566803,40.76824188,2,4.5,1,0.5,0,0,6.3,3/9/16,3/9/16 0:00,0,44,77
2,3/1/16 7:36,3/1/16 8:04,2,5.4,-73.98319244,40.73482132,1,-73.97257996,40.79092026,1,22,0,0.5,4.56,0,27.36,3/1/16,3/1/16 0:00,0,39,52
1,2/6/16 17:38,2/6/16 17:45,2,1,-73.99071503,40.76099777,1,-73.99158478,40.75040817,2,6,0,0.5,0,0,6.8,2/6/16,2/6/16 0:00,0,30,40
2,2/2/16 8:41,2/2/16 8:53,1,1.43,-73.96613312,40.75858688,1,-73.97219849,40.75428391,1,9.5,0,0.5,0,0,10.3,2/2/16,2/2/16 0:00,0,38,50
1,1/2/16 10:54,1/2/16 11:06,1,3.6,-73.98518372,40.74431229,1,-73.94689941,40.78016281,2,13,0,0.5,0,0,13.8,1/2/16,1/2/16 0:00,0,32,40
1,1/3/16 22:00,1/3/16 22:15,1,4.5,-73.98843384,40.75902557,1,-73.96409607,40.80563354,2,15.5,0.5,0.5,0,0,16.8,1/3/16,1/3/16 0:00,0,35,45
2,3/5/16 10:01,3/5/16 10:05,5,0.51,-73.96504974,40.79127884,1,-73.97245789,40.79257965,1,4.5,0,0.5,0,0,5.3,3/5/16,3/5/16 0:00,0,28,41
2,3/25/16 11:28,3/25/16 11:44,5,2.51,-73.98014069,40.77545929,1,-73.95266724,40.78948975,1,12.5,0,0.5,3.32,0,16.62,3/25/16,3/25/16 0:00,0.04,44,72
1,2/3/16 17:25,2/3/16 17:36,1,1.3,-73.96576691,40.76204681,1,-73.98717499,40.77040863,1,8.5,1,0.5,3.05,0,13.35,2/3/16,2/3/16 0:00,0.73,42,59
2,2/12/16 14:27,2/12/16 14:40,6,1.05,-73.98989105,40.74177933,1,-73.99536896,40.75202179,1,9,0,0.5,2.45,0,12.25,2/12/16,2/12/16 0:00,0,15,27
2,2/6/16 14:17,2/6/16 14:22,6,0.81,-73.98741913,40.76197433,1,-73.99854279,40.76344681,2,5,0,0.5,0,0,5.8,2/6/16,2/6/16 0:00,0,30,40
1,1/8/16 18:34,1/8/16 18:34,1,0,-73.7840271,40.64352798,2,-73.78390503,40.64358139,1,52,0,0.5,13.2,0,66,1/8/16,1/8/16 0:00,0,31,46
2,2/12/16 14:33,2/12/16 14:45,2,1.79,-74.00354767,40.71751022,1,-74.00054932,40.73715973,1,9.5,0,0.5,3.09,0,13.39,2/12/16,2/12/16 0:00,0,15,27
2,2/11/16 14:17,2/11/16 14:53,2,3.61,-74.01178741,40.71031189,1,-73.9916687,40.75532913,2,22.5,0,0.5,0,0,23.3,2/11/16,2/11/16 0:00,0,18,31
2,2/4/16 19:15,2/4/16 19:21,6,0.81,-73.97470856,40.73277664,1,-73.97489166,40.7418251,1,6,1,0.5,1.56,0,9.36,2/4/16,2/4/16 0:00,0,44,59
2,2/6/16 13:39,2/6/16 13:56,6,1.81,-74.00823212,40.71512985,1,-73.99401093,40.7245903,2,12,0,0.5,0,0,12.8,2/6/16,2/6/16 0:00,0,30,40
2,2/6/16 2:01,2/6/16 2:16,1,4.61,-73.97846222,40.74117661,1,-73.92451477,40.74254608,1,15.5,0.5,0.5,3.36,0,20.16,2/6/16,2/6/16 0:00,0,30,40
1,2/11/16 7:22,2/11/16 7:34,1,1.9,-73.96813202,40.80050659,1,-73.96656799,40.79942703,2,10,0,0.5,0,0,10.8,2/11/16,2/11/16 0:00,0,18,31
1,2/6/16 9:46,2/6/16 10:05,2,9.3,-73.97180176,40.76539612,1,-73.87322998,40.77441788,1,27.5,0,0.5,5.65,0,33.95,2/6/16,2/6/16 0:00,0,30,40
2,3/4/16 12:14,3/4/16 12:24,1,3.28,-73.97104645,40.79597855,1,-73.98972321,40.76712036,1,12,0,0.5,1.25,0,14.05,3/4/16,3/4/16 0:00,0.11,30,39
1,2/4/16 17:37,2/4/16 17:56,1,2,-73.99085236,40.73641205,1,-73.98073578,40.75997925,1,12.5,1,0.5,2.85,0,17.15,2/4/16,2/4/16 0:00,0,44,59
2,3/6/16 22:42,3/6/16 22:47,1,1.01,-73.98851776,40.76422119,1,-73.98643494,40.75395584,1,5.5,0.5,0.5,1.36,0,8.16,3/6/16,3/6/16 0:00,0,32,44
2,3/5/16 20:31,3/5/16 20:35,1,0.91,-73.97251892,40.79098129,1,-73.96724701,40.80208969,1,5,0.5,0.5,1.26,0,7.56,3/5/16,3/5/16 0:00,0,28,41
2,2/1/16 20:45,2/1/16 20:48,5,0.54,-73.99772644,40.74117661,1,-73.99981689,40.73440552,1,4,0.5,0.5,1,0,6.3,2/1/16,2/1/16 0:00,0.01,44,59
1,2/1/16 11:06,2/1/16 11:22,1,1.9,-73.99404144,40.751194,1,-73.96881866,40.75831985,1,12,0,0.5,2.55,0,15.35,2/1/16,2/1/16 0:00,0.01,44,59
2,3/6/16 0:21,3/6/16 0:38,1,3.67,-74.01012421,40.70351028,1,-73.98980713,40.74693298,2,14,0.5,0.5,0,0,15.3,3/6/16,3/6/16 0:00,0,32,44
1,1/1/16 12:05,1/1/16 12:11,3,2,-73.97562408,40.75785446,1,-73.9588089,40.78335571,1,8,0,0.5,1.2,0,10,1/1/16,1/1/16 0:00,0,34,42
1,2/1/16 21:07,2/1/16 21:53,1,9.7,-73.95904541,40.7834053,1,-73.93736267,40.69596481,1,37.5,0.5,0.5,7.76,0,46.56,2/1/16,2/1/16 0:00,0.01,44,59
2,3/11/16 13:31,3/11/16 14:04,1,5.72,-73.9910965,40.74140167,1,-73.96884155,40.67794037,1,24,0,0.5,4.96,0,29.76,3/11/16,3/11/16 0:00,0.06,48,68
2,3/8/16 21:42,3/8/16 22:02,1,2.43,-73.98487854,40.74457932,1,-73.96673584,40.76243973,1,14,0.5,0.5,3.06,0,18.36,3/8/16,3/8/16 0:00,0,47,67
2,3/3/16 21:22,3/3/16 21:56,2,18,-73.79189301,40.64614105,2,-74.00348663,40.73631668,1,52,0,0.5,14.58,5.54,72.92,3/3/16,3/3/16 0:00,0,26,36
2,3/5/16 18:35,3/5/16 18:47,3,1.35,-74.00550842,40.74913025,1,-74.00314331,40.73427963,1,9,0,0.5,1.96,0,11.76,3/5/16,3/5/16 0:00,0,28,41
2,2/7/16 14:13,2/7/16 14:18,6,0.29,-73.97889709,40.76548004,1,-73.98239899,40.76768875,2,4.5,0,0.5,0,0,5.3,2/7/16,2/7/16 0:00,0,33,47
2,3/11/16 2:50,3/12/16 2:37,1,1.97,-73.98532104,40.72063828,1,-73.98445129,40.74225998,2,9,0.5,0.5,0,0,10.3,3/11/16,3/11/16 0:00,0.06,48,68
1,2/11/16 6:20,2/11/16 6:23,1,0.9,-73.96683502,40.79254913,1,-73.97769165,40.78673553,1,5,0,0.5,1,0,6.8,2/11/16,2/11/16 0:00,0,18,31
2,3/6/16 22:41,3/6/16 22:45,2,0.66,-73.97631073,40.76388168,1,-73.96924591,40.76665878,2,5,0.5,0.5,0,0,6.3,3/6/16,3/6/16 0:00,0,32,44
1,2/4/16 13:45,2/4/16 14:04,1,4.7,-73.95680237,40.77515411,1,-73.98008728,40.73234558,2,17.5,0,0.5,0,0,18.3,2/4/16,2/4/16 0:00,0,44,59
2,3/3/16 8:06,3/3/16 9:25,1,18.59,-73.78185272,40.64477921,2,-73.98898315,40.72200012,1,52,0,0.5,10.56,0,63.36,3/3/16,3/3/16 0:00,0,26,36
2,2/7/16 12:40,2/7/16 12:45,3,0.69,-73.98635864,40.72225952,1,-73.99739075,40.72551346,2,6,0,0.5,0,0,6.8,2/7/16,2/7/16 0:00,0,33,47
2,3/5/16 13:13,3/5/16 13:20,5,0.89,-73.96098328,40.76667023,1,-73.9576416,40.77270889,1,6,0,0.5,0.55,0,7.35,3/5/16,3/5/16 0:00,0,28,41
2,3/9/16 23:24,3/9/16 23:37,1,2.1,-73.99008179,40.73768997,1,-73.98912048,40.75819016,1,10.5,0.5,0.5,0,0,11.8,3/9/16,3/9/16 0:00,0,44,77
2,3/10/16 22:49,3/10/16 23:05,3,3.71,-73.97982788,40.7269516,1,-73.95101166,40.77059937,1,14.5,0.5,0.5,1,0,16.8,3/10/16,3/10/16 0:00,0,63,79
1,3/5/16 19:31,3/5/16 20:10,2,10.9,-73.8729248,40.77415466,1,-73.98654938,40.75802231,1,37,0,0.5,0,5.54,43.34,3/5/16,3/5/16 0:00,0,28,41
1,1/7/16 11:51,1/7/16 11:55,2,0.9,-73.99076843,40.73985291,1,-74.00111389,40.74643326,1,4.5,0,0.5,1.3,0,6.6,1/7/16,1/7/16 0:00,0,31,46
2,2/5/16 19:40,2/5/16 19:55,1,2.54,-74.00128174,40.74167252,1,-74.01094818,40.71625137,1,12.5,1,0.5,1,0,15.3,2/5/16,2/5/16 0:00,0.53,31,44
1,3/3/16 13:35,3/3/16 13:42,2,0.8,0,0,1,0,0,1,6,0,0.5,1.36,0,8.16,3/3/16,3/3/16 0:00,0,26,36
2,1/1/16 23:30,1/1/16 23:41,1,2.03,-73.98259735,40.75902176,1,-74.00257874,40.75001907,1,9.5,0.5,0.5,0,0,10.8,1/1/16,1/1/16 0:00,0,34,42
2,2/1/16 12:21,2/1/16 12:31,1,1.85,-73.95453644,40.76569748,1,-73.97670746,40.7550087,2,8.5,0,0.5,0,0,9.3,2/1/16,2/1/16 0:00,0.01,44,59
2,2/11/16 15:39,2/11/16 15:58,1,2.31,-73.95357513,40.78494644,1,-73.97543335,40.75960159,1,13.5,0,0.5,2.86,0,17.16,2/11/16,2/11/16 0:00,0,18,31
2,3/1/16 0:53,3/1/16 1:11,1,5.84,-73.98480225,40.73641968,1,-73.91139221,40.76826859,1,19,0.5,0.5,4.06,0,24.36,3/1/16,3/1/16 0:00,0,39,52
2,2/4/16 21:11,2/4/16 21:16,1,0.4,-73.96858215,40.77030182,1,-73.97225952,40.76531982,2,4.5,0.5,0.5,0,0,5.8,2/4/16,2/4/16 0:00,0,44,59
2,3/8/16 23:03,3/8/16 23:16,1,2.66,-74.00131989,40.73109818,1,-73.97354889,40.75505829,1,11.5,0.5,0.5,3.2,0,16,3/8/16,3/8/16 0:00,0,47,67
2,3/12/16 15:04,3/12/16 15:13,1,1.49,-74.00684357,40.72993851,1,-73.99188995,40.73852921,1,8,0,0.5,1,0,9.8,3/12/16,3/12/16 0:00,0,40,59
2,2/5/16 23:47,2/6/16 0:14,5,7.65,-73.98898315,40.75862122,1,-73.91821289,40.77426529,1,25,0.5,0.5,0,0,26.3,2/5/16,2/5/16 0:00,0.53,31,44
1,3/4/16 0:13,3/4/16 0:23,1,4.4,-74.00203705,40.71505356,1,-73.9720993,40.74733353,2,14.5,0.5,0.5,0,0,15.8,3/4/16,3/4/16 0:00,0.11,30,39
2,3/1/16 15:31,3/1/16 15:43,1,4.21,-73.97051239,40.79861832,1,-74.00360107,40.75561142,1,15,0,0.5,4.74,0,20.54,3/1/16,3/1/16 0:00,0,39,52
2,3/15/16 9:19,3/15/16 9:36,1,3.71,-73.94442749,40.77982712,1,-73.98139954,40.7461853,1,14.5,0,0.5,2.55,0,17.85,3/15/16,3/15/16 0:00,0,44,57
1,2/4/16 6:29,2/4/16 6:37,1,1.4,-73.99230957,40.72481155,1,-74.0042038,40.70736694,1,7.5,0,0.5,1,0,9.3,2/4/16,2/4/16 0:00,0,44,59
1,1/6/16 14:29,1/6/16 14:41,1,1.2,-73.95027161,40.80670166,1,-73.95248413,40.79245377,1,9,0,0.5,1,0,10.8,1/6/16,1/6/16 0:00,0,25,41
2,1/2/16 22:26,1/2/16 22:33,1,0.71,-73.99272919,40.75761032,1,-73.98661804,40.76332855,1,6,0.5,0.5,1.46,0,8.76,1/2/16,1/2/16 0:00,0,32,40
2,3/1/16 10:26,3/1/16 10:35,1,1.52,-73.96090698,40.76106262,1,-73.96011353,40.77716064,1,8,0,0.5,1.76,0,10.56,3/1/16,3/1/16 0:00,0,39,52
2,3/5/16 22:30,3/5/16 22:54,2,3.42,-73.99765015,40.71685791,1,-73.96918488,40.75779343,2,17,0.5,0.5,0,0,18.3,3/5/16,3/5/16 0:00,0,28,41
2,3/8/16 11:18,3/8/16 11:36,1,2.11,-73.95074463,40.78321075,1,-73.96869659,40.76440048,1,13,0,0.5,2.76,0,16.56,3/8/16,3/8/16 0:00,0,47,67
1,2/5/16 12:13,2/5/16 12:22,1,1.3,-73.96000671,40.77350998,1,-73.97473145,40.78315735,1,8,0,0.5,1.76,0,10.56,2/5/16,2/5/16 0:00,0.53,31,44
2,2/10/16 19:43,2/10/16 19:51,2,0.81,-73.97383118,40.76190186,1,-73.9836731,40.75769043,2,7,1,0.5,0,0,8.8,2/10/16,2/10/16 0:00,0.01,31,39
2,2/1/16 13:03,2/1/16 13:36,1,10.46,-73.8732605,40.7739563,1,-73.9750061,40.75896072,1,33,0,0.5,0,5.54,39.34,2/1/16,2/1/16 0:00,0.01,44,59
2,3/5/16 3:55,3/5/16 3:59,2,0.68,-73.98947144,40.72613907,1,-73.99107361,40.71831894,1,4.5,0.5,0.5,1,0,6.8,3/5/16,3/5/16 0:00,0,28,41
1,2/4/16 15:36,2/4/16 15:49,1,2.1,-73.97896576,40.75118256,1,-73.98873901,40.72594452,2,10.5,0,0.5,0,0,11.3,2/4/16,2/4/16 0:00,0,44,59
2,3/10/16 7:14,3/10/16 8:05,1,11.06,-73.8707962,40.77373123,1,-73.97884369,40.75992966,1,38,0,0.5,4,5.54,48.34,3/10/16,3/10/16 0:00,0,63,79
1,1/10/16 10:26,1/10/16 10:54,1,6.7,-73.94760132,40.68029404,1,-74.02213287,40.63092041,1,25.5,0,0.5,1.5,0,27.8,1/10/16,1/10/16 0:00,1.8,40,59
1,2/3/16 22:02,2/3/16 22:17,1,3.9,-73.98968506,40.72933578,1,-73.99775696,40.69364929,1,14,0.5,0.5,3.8,0,19.1,2/3/16,2/3/16 0:00,0.73,42,59
2,2/6/16 18:07,2/6/16 18:11,3,0.53,-73.99559021,40.72660828,1,-74.0012207,40.7202301,1,4.5,0,0.5,1.06,0,6.36,2/6/16,2/6/16 0:00,0,30,40
2,1/2/16 22:39,1/2/16 22:56,1,2.21,-73.99121094,40.73249054,1,-73.98175049,40.75788879,2,12.5,0.5,0.5,0,0,13.8,1/2/16,1/2/16 0:00,0,32,40
2,2/7/16 17:23,2/7/16 17:31,2,1.81,-73.95954132,40.77724838,1,-73.98447418,40.78243637,1,8,0,0.5,1.76,0,10.56,2/7/16,2/7/16 0:00,0,33,47
1,1/7/16 19:43,1/7/16 19:46,1,0.3,-73.98888397,40.74349594,1,-73.98911285,40.73942947,1,3.5,0.5,0.5,0.95,0,5.75,1/7/16,1/7/16 0:00,0,31,46
1,3/4/16 12:51,3/4/16 13:25,1,10.8,-73.98065186,40.74965668,1,-73.86450958,40.77009201,1,34,0,0.5,8.7,0,43.5,3/4/16,3/4/16 0:00,0.11,30,39
2,1/2/16 14:40,1/2/16 14:46,1,1.05,-73.96742249,40.7565918,1,-73.97145081,40.76517868,1,6,0,0.5,2.04,0,8.84,1/2/16,1/2/16 0:00,0,32,40
1,2/12/16 17:06,2/12/16 17:22,1,3.4,-73.99738312,40.74701691,1,-73.97663879,40.78809357,1,13.5,1,0.5,3.05,0,18.35,2/12/16,2/12/16 0:00,0,15,27
2,3/1/16 9:19,3/1/16 9:27,5,0.94,-73.99047852,40.73471832,1,-73.98969269,40.74504089,1,7,0,0.5,1.56,0,9.36,3/1/16,3/1/16 0:00,0,39,52
1,1/27/16 23:07,1/27/16 23:19,1,3.3,-74.01593781,40.71551514,1,-73.99143982,40.74662781,1,13,0.5,0.5,2.85,0,17.15,1/27/16,1/27/16 0:00,0,34,47
2,3/1/16 7:03,3/1/16 7:16,1,2.8,-73.96942139,40.80033112,1,-73.98265839,40.76403809,1,12,0,0.5,3.84,0,16.64,3/1/16,3/1/16 0:00,0,39,52
1,2/7/16 1:20,2/7/16 1:24,1,1.1,-74.0056839,40.74200439,1,-74.00210571,40.73443604,2,5.5,0.5,0.5,0,0,6.8,2/7/16,2/7/16 0:00,0,33,47
1,2/5/16 20:36,2/5/16 20:59,1,4.9,-73.96205139,40.81074524,1,-73.96720886,40.75749207,1,18.5,0.5,0.5,3.95,0,23.75,2/5/16,2/5/16 0:00,0.53,31,44
2,3/14/16 15:55,3/14/16 16:53,1,17.98,-73.77680206,40.64587021,2,-73.97342682,40.75553131,1,52,0,0.5,11.67,5.54,70.01,3/14/16,3/14/16 0:00,0.29,40,51
2,2/2/16 9:47,2/2/16 10:06,2,2.72,-73.9849472,40.73955917,1,-74.00928497,40.72968674,2,14.5,0,0.5,0,0,15.3,2/2/16,2/2/16 0:00,0,38,50
1,2/12/16 3:47,2/12/16 3:55,2,2.5,-74.00388336,40.74184799,1,-73.97618866,40.76414108,2,9.5,0.5,0.5,0,0,10.8,2/12/16,2/12/16 0:00,0,15,27
1,1/5/16 7:05,1/5/16 7:14,1,1.7,-73.98595428,40.74093246,1,-73.98008728,40.76081467,1,8,0,0.5,1.6,0,10.4,1/5/16,1/5/16 0:00,0,11,29
2,1/1/16 0:42,1/1/16 1:00,2,3.48,-73.97821045,40.77878189,1,-74.00578308,40.74533844,1,14.5,0.5,0.5,3.16,0,18.96,1/1/16,1/1/16 0:00,0,34,42
1,3/5/16 21:48,3/5/16 22:02,1,2.9,-73.98278809,40.74806595,1,-73.95327759,40.7798233,1,12,0.5,0.5,2.66,0,15.96,3/5/16,3/5/16 0:00,0,28,41
2,3/8/16 8:12,3/8/16 8:26,1,2.22,-73.97894287,40.78760147,1,-73.98164368,40.7619133,2,11,0,0.5,0,0,11.8,3/8/16,3/8/16 0:00,0,47,67
1,3/5/16 17:39,3/5/16 17:45,1,1.1,-73.94886017,40.78178787,1,-73.95307159,40.7679863,2,6.5,0,0.5,0,0,7.3,3/5/16,3/5/16 0:00,0,28,41
1,1/9/16 21:32,1/9/16 21:44,1,1.2,-73.98368073,40.74078369,1,-73.99225616,40.72497177,1,9,0.5,0.5,2.05,0,12.35,1/9/16,1/9/16 0:00,0,40,47
2,3/14/16 17:55,3/14/16 18:06,1,1.52,-73.98783875,40.74393082,1,-74.00604248,40.74008179,1,9,1,0.5,2.16,0,12.96,3/14/16,3/14/16 0:00,0.29,40,51
2,2/11/16 20:03,2/11/16 20:17,3,1.99,-73.99102783,40.75112152,1,-73.97425079,40.76483154,1,11,0.5,0.5,1,0,13.3,2/11/16,2/11/16 0:00,0,18,31
1,3/5/16 16:22,3/5/16 16:31,1,1.8,-73.95982361,40.77102661,1,-73.98252106,40.76826477,1,9,0,0.5,1.95,0,11.75,3/5/16,3/5/16 0:00,0,28,41
2,3/5/16 19:10,3/5/16 19:17,1,1.13,-73.96971893,40.75379181,1,-73.98033142,40.74098969,1,6.5,0,0.5,1.46,0,8.76,3/5/16,3/5/16 0:00,0,28,41
1,2/7/16 17:26,2/7/16 17:38,1,2.2,-73.97206879,40.7570076,1,-73.98365021,40.77604294,2,10,1,0.5,0,0,11.8,2/7/16,2/7/16 0:00,0,33,47
2,3/10/16 17:51,3/10/16 17:57,2,1.23,-73.96388245,40.75670242,1,-73.95287323,40.77203369,1,6.5,1,0.5,1.5,0,9.8,3/10/16,3/10/16 0:00,0,63,79
1,2/5/16 9:08,2/5/16 9:16,1,0.6,-73.96938324,40.76607132,1,-73.97636414,40.75915527,1,6.5,0,0.5,1.5,0,8.8,2/5/16,2/5/16 0:00,0.53,31,44
1,2/2/16 3:54,2/2/16 4:17,1,8.4,-73.9876709,40.73258209,1,-73.86837006,40.74647903,2,26,0.5,0.5,0,0,27.3,2/2/16,2/2/16 0:00,0,38,50
1,3/2/16 7:45,3/2/16 8:11,2,5.9,0,0,1,0,0,2,23,0,0.5,0,0,23.8,3/2/16,3/2/16 0:00,0.14,29,55
2,3/12/16 9:40,3/12/16 9:47,1,1.04,-73.97619629,40.76411057,1,-73.98969269,40.76837158,2,6.5,0,0.5,0,0,7.3,3/12/16,3/12/16 0:00,0,40,59
2,3/1/16 9:20,3/1/16 9:38,2,2.62,-73.97849274,40.78565979,1,-73.97550964,40.75772858,1,13,0,0.5,3.45,0,17.25,3/1/16,3/1/16 0:00,0,39,52
2,3/6/16 0:04,3/6/16 0:20,4,5.91,-73.96639252,40.77048111,1,-73.93834686,40.82878113,1,19.5,0.5,0.5,1,0,21.8,3/6/16,3/6/16 0:00,0,32,44
2,2/11/16 19:09,2/11/16 19:51,2,9.15,-73.99034882,40.75710297,1,-73.92695618,40.68706512,2,33.5,1,0.5,0,0,35.3,2/11/16,2/11/16 0:00,0,18,31
2,3/8/16 7:36,3/8/16 7:44,5,1.45,-73.95935822,40.77516937,1,-73.9728775,40.75918961,1,7.5,0,0.5,1.66,0,9.96,3/8/16,3/8/16 0:00,0,47,67
2,2/5/16 15:02,2/5/16 15:23,1,9.39,-73.99059296,40.74023056,1,-73.87075043,40.77397156,1,28,0,0.5,6.87,5.54,41.21,2/5/16,2/5/16 0:00,0.53,31,44
2,2/3/16 7:31,2/3/16 8:03,1,7.35,-74.0171814,40.70537186,1,-73.97241974,40.7650032,1,26,0,0.5,8.04,0,34.84,2/3/16,2/3/16 0:00,0.73,42,59
1,2/3/16 21:33,2/3/16 21:42,1,1.7,-73.95933533,40.77666092,1,-73.98225403,40.77098846,1,8.5,0.5,0.5,2.45,0,12.25,2/3/16,2/3/16 0:00,0.73,42,59
2,2/7/16 2:04,2/7/16 2:04,1,0,0,0,5,0,0,4,65,0,0.5,0,0,65.8,2/7/16,2/7/16 0:00,0,33,47
1,2/3/16 20:23,2/3/16 20:36,1,2.1,-73.99501038,40.74010468,1,-73.97330475,40.75809479,1,10.5,0.5,0.5,2.35,0,14.15,2/3/16,2/3/16 0:00,0.73,42,59
2,3/4/16 18:16,3/4/16 18:27,1,1.09,-74.00231171,40.7293396,1,-74.00840759,40.71893311,1,8.5,1,0.5,2.06,0,12.36,3/4/16,3/4/16 0:00,0.11,30,39
1,3/14/16 11:35,3/14/16 11:49,1,1.2,-73.98368073,40.75474167,1,-73.96686554,40.75323486,1,10,0,0.5,3.2,0,14,3/14/16,3/14/16 0:00,0.29,40,51
2,3/12/16 21:59,3/12/16 22:03,1,1.43,-73.97730255,40.78442001,1,-73.96317291,40.79940033,1,6,0.5,0.5,1.46,0,8.76,3/12/16,3/12/16 0:00,0,40,59
1,1/9/16 18:28,1/9/16 18:36,1,1.3,-73.97742462,40.75799179,1,-73.99131012,40.74391937,1,7,0,0.5,1.55,0,9.35,1/9/16,1/9/16 0:00,0,40,47
2,3/3/16 7:48,3/3/16 7:56,1,2.05,-73.96234131,40.75894165,1,-73.97490692,40.74456024,1,8.5,0,0.5,1.86,0,11.16,3/3/16,3/3/16 0:00,0,26,36
1,3/1/16 17:15,3/1/16 17:17,1,0.3,-73.95027161,40.77568436,1,-73.94677734,40.77914429,1,3.5,1,0.5,1.3,0,6.6,3/1/16,3/1/16 0:00,0,39,52
1,1/7/16 16:12,1/7/16 16:19,1,0.6,-73.98288727,40.76095581,1,-73.97473907,40.7651062,1,6,1,0.5,1,0,8.8,1/7/16,1/7/16 0:00,0,31,46
1,2/7/16 14:48,2/7/16 15:03,1,2,-73.9947052,40.75052261,1,-73.97073364,40.7586937,1,11.5,0,0.5,2.45,0,14.75,2/7/16,2/7/16 0:00,0,33,47
2,3/13/16 7:47,3/13/16 8:02,5,4.18,-73.95191193,40.76652908,1,-73.94857788,40.76340866,1,15,0,0.5,3.16,0,18.96,3/13/16,3/13/16 0:00,0,50,62
2,2/11/16 22:47,2/11/16 22:58,2,2.59,-73.98376465,40.7424736,1,-73.98874664,40.76873016,1,10.5,0.5,0.5,2.36,0,14.16,2/11/16,2/11/16 0:00,0,18,31
1,2/11/16 9:59,2/11/16 10:06,1,0.7,-73.98194885,40.76668549,1,-73.97792816,40.75874329,2,6.5,0,0.5,0,0,7.3,2/11/16,2/11/16 0:00,0,18,31
1,1/9/16 12:17,1/9/16 12:25,2,1.4,-73.97381592,40.76393509,1,-73.99049377,40.75675964,2,7.5,0,0.5,0,0,8.3,1/9/16,1/9/16 0:00,0,40,47
2,1/3/16 17:41,1/3/16 17:45,1,0.71,-73.98806,40.72380066,1,-73.9924469,40.73011017,1,5,0,0.5,1,0,6.8,1/3/16,1/3/16 0:00,0,35,45
2,2/4/16 14:19,2/4/16 14:46,5,1.9,-73.97522736,40.75269318,1,-73.98035431,40.77062607,1,16.5,0,0.5,5.19,0,22.49,2/4/16,2/4/16 0:00,0,44,59
2,3/2/16 14:42,3/2/16 15:01,1,3.35,-73.96208191,40.81061172,1,-73.9812088,40.76641846,1,15.5,0,0.5,3.26,0,19.56,3/2/16,3/2/16 0:00,0.14,29,55
2,3/2/16 15:19,3/2/16 15:38,1,1.2,-73.96961212,40.76282883,1,-73.98113251,40.75320816,1,12.5,0,0.5,2.66,0,15.96,3/2/16,3/2/16 0:00,0.14,29,55
1,1/2/16 19:55,1/2/16 20:13,1,1.9,-73.98618317,40.75912476,1,-73.98588562,40.73744965,2,12,0.5,0.5,0,0,13.3,1/2/16,1/2/16 0:00,0,32,40
2,2/4/16 14:20,2/4/16 14:50,1,3.46,-73.98169708,40.7593956,1,-73.97958374,40.73104858,1,19.5,0,0.5,4.06,0,24.36,2/4/16,2/4/16 0:00,0,44,59
1,1/10/16 15:40,1/10/16 15:43,1,0.5,-73.97807312,40.77712631,1,-73.978508,40.78306198,2,4,0,0.5,0,0,4.8,1/10/16,1/10/16 0:00,1.8,40,59
2,2/11/16 20:40,2/11/16 20:54,2,2.14,-73.98097992,40.75048828,1,-74.00227356,40.7387886,1,10.5,0.5,0.5,2.95,0,14.75,2/11/16,2/11/16 0:00,0,18,31
1,3/2/16 9:47,3/2/16 9:55,1,1.5,-73.9761734,40.76527023,1,-73.98410797,40.77969742,1,7.5,0,0.5,1.25,0,9.55,3/2/16,3/2/16 0:00,0.14,29,55
2,3/2/16 9:20,3/2/16 9:43,1,1.87,-73.97187042,40.7659111,1,-73.99162292,40.74938965,2,14.5,0,0.5,0,0,15.3,3/2/16,3/2/16 0:00,0.14,29,55
2,2/2/16 5:06,2/2/16 5:10,1,0.92,-73.98223877,40.77751923,1,-73.97942352,40.76615143,1,5.5,0.5,0.5,1.2,0,8,2/2/16,2/2/16 0:00,0,38,50
2,3/4/16 21:26,3/4/16 21:29,1,0.5,-73.95101929,40.78341675,1,-73.95717621,40.78296661,2,4.5,0.5,0.5,0,0,5.8,3/4/16,3/4/16 0:00,0.11,30,39
2,2/19/16 23:39,2/19/16 23:53,2,3.23,-73.95267487,40.77796555,1,-73.98874664,40.76337814,2,12.5,0.5,0.5,0,0,13.8,2/19/16,2/19/16 0:00,0,24,39
1,2/4/16 11:44,2/4/16 11:57,1,1.2,-73.99585724,40.74369049,1,-74.00632477,40.7335434,1,9.5,0,0.5,2.55,0,12.85,2/4/16,2/4/16 0:00,0,44,59
2,1/2/16 23:19,1/2/16 23:24,1,0.83,-73.97525787,40.74872589,1,-73.98526764,40.74472809,2,5.5,0.5,0.5,0,0,6.8,1/2/16,1/2/16 0:00,0,32,40
2,2/12/16 9:00,2/12/16 9:06,2,0.89,-74.00271606,40.72818375,1,-74.00234985,40.71892166,1,6,0,0.5,0.68,0,7.48,2/12/16,2/12/16 0:00,0,15,27
2,2/4/16 8:36,2/4/16 8:47,1,0.92,-73.99095154,40.74882126,1,-73.98793793,40.74119186,1,8,0,0.5,2.64,0,11.44,2/4/16,2/4/16 0:00,0,44,59
1,2/3/16 7:31,2/3/16 7:49,1,3,-73.98282623,40.74793625,1,-73.98053741,40.78007889,1,13.5,0,0.5,2.85,0,17.15,2/3/16,2/3/16 0:00,0.73,42,59
1,3/2/16 21:42,3/2/16 22:05,1,6,-73.99398041,40.75276184,1,-73.95349121,40.80157471,2,22,0.5,0.5,0,0,23.3,3/2/16,3/2/16 0:00,0.14,29,55
1,3/2/16 19:33,3/2/16 19:36,1,0.7,-73.98152924,40.77364349,1,-73.98049164,40.78223419,1,4.5,1,0.5,1.25,0,7.55,3/2/16,3/2/16 0:00,0.14,29,55
1,2/6/16 8:04,2/6/16 8:07,2,0.9,-73.99932098,40.68000412,1,-73.99106598,40.69009018,1,5,0,0.5,1.45,0,7.25,2/6/16,2/6/16 0:00,0,30,40
2,3/6/16 17:06,3/6/16 17:17,1,1.87,-74.00150299,40.74728012,1,-73.97776794,40.74945068,2,9,0,0.5,0,0,9.8,3/6/16,3/6/16 0:00,0,32,44
2,1/2/16 0:15,1/2/16 0:21,3,1.12,-74.00318909,40.72840881,1,-73.99075317,40.72503281,1,6.5,0.5,0.5,1,0,8.8,1/2/16,1/2/16 0:00,0,32,40
1,2/12/16 13:04,2/12/16 13:06,1,0.4,-73.9678421,40.79250336,1,-73.97167969,40.78742218,2,3.5,0,0.5,0,0,4.3,2/12/16,2/12/16 0:00,0,15,27
1,2/2/16 22:17,2/2/16 22:47,1,10,-74.01168823,40.70407104,1,-73.95335388,40.80527115,1,31.5,0.5,0.5,6.55,0,39.35,2/2/16,2/2/16 0:00,0,38,50
2,3/9/16 19:13,3/9/16 19:16,1,0.48,-73.95226288,40.77745056,1,-73.95385742,40.77462006,2,4,1,0.5,0,0,5.8,3/9/16,3/9/16 0:00,0,44,77
2,3/13/16 16:45,3/13/16 16:57,1,1.86,-73.98278046,40.77191162,1,-73.96188354,40.75780106,2,9,0,0.5,0,0,9.8,3/13/16,3/13/16 0:00,0,50,62
2,2/11/16 21:01,2/11/16 21:46,1,7.68,-73.97969818,40.76463699,1,-73.93100739,40.70185852,1,32,0.5,0.5,8.32,0,41.62,2/11/16,2/11/16 0:00,0,18,31
2,2/11/16 12:42,2/11/16 13:09,1,2.01,-73.99141693,40.73920822,1,-73.99279785,40.75855255,1,16.5,0,0.5,3.46,0,20.76,2/11/16,2/11/16 0:00,0,18,31
2,2/2/16 17:55,2/2/16 17:59,1,0.51,-73.9604187,40.77645111,1,-73.96595001,40.77209854,1,4.5,1,0.5,1.58,0,7.88,2/2/16,2/2/16 0:00,0,38,50
2,3/12/16 23:54,3/13/16 0:24,2,4.93,-73.95339966,40.77559662,1,-74.00861359,40.73812485,1,21,0.5,0.5,4.46,0,26.76,3/12/16,3/12/16 0:00,0,40,59
1,3/2/16 5:26,3/2/16 5:46,1,5.5,-73.9703064,40.79368591,1,-73.93852997,40.74970627,1,19.5,0.5,0.5,4.16,0,24.96,3/2/16,3/2/16 0:00,0.14,29,55
2,3/8/16 19:27,3/8/16 19:39,1,2.43,-73.97070313,40.76177979,1,-73.9706192,40.78826904,1,10.5,1,0.5,3.08,0,15.38,3/8/16,3/8/16 0:00,0,47,67
1,3/6/16 12:55,3/6/16 13:08,2,2.3,-73.94299316,40.79008865,1,-73.97557068,40.78704453,1,11,0,0.5,2.95,0,14.75,3/6/16,3/6/16 0:00,0,32,44
1,1/10/16 2:02,1/10/16 2:24,1,5.7,-73.99401855,40.72046661,1,-73.96794891,40.64968109,1,20.5,0.5,0.5,4.35,0,26.15,1/10/16,1/10/16 0:00,1.8,40,59
2,3/5/16 15:32,3/5/16 15:42,2,0.89,-73.98279572,40.74265671,1,-73.98773193,40.74944687,2,7,0,0.5,0,0,7.8,3/5/16,3/5/16 0:00,0,28,41
2,2/4/16 16:51,2/4/16 16:59,1,1.48,-74.00312805,40.72336578,1,-74.00915527,40.73810196,2,7,1,0.5,0,0,8.8,2/4/16,2/4/16 0:00,0,44,59
1,1/9/16 15:31,1/9/16 15:44,1,3,-74.00222015,40.75567245,1,-74.00925446,40.7155304,1,13,0,0.5,2,0,15.8,1/9/16,1/9/16 0:00,0,40,47
2,3/8/16 9:54,3/8/16 10:26,1,3.78,-73.98509979,40.73244858,1,-73.99305725,40.77048111,1,21,0,0.5,4.36,0,26.16,3/8/16,3/8/16 0:00,0,47,67
1,3/14/16 18:43,3/14/16 18:48,1,0.9,-73.9730835,40.76099014,1,-73.96484375,40.77242661,1,5.5,1,0.5,1,0,8.3,3/14/16,3/14/16 0:00,0.29,40,51
2,3/1/16 8:15,3/1/16 9:04,1,12.8,-73.87634277,40.77223969,1,-73.99520874,40.72726059,1,43,0,0.5,9.87,5.54,59.21,3/1/16,3/1/16 0:00,0,39,52
1,3/1/16 7:20,3/1/16 7:33,2,2.2,-73.96363831,40.77103043,1,-73.98949432,40.75598526,2,11,0,0.5,0,0,11.8,3/1/16,3/1/16 0:00,0,39,52
1,2/7/16 22:35,2/7/16 22:54,1,8.6,-73.77702332,40.64495087,1,-73.85738373,40.7273941,1,25.5,0.5,0.5,2.2,0,29,2/7/16,2/7/16 0:00,0,33,47
1,3/3/16 14:29,3/3/16 14:38,1,1.1,-74.00557709,40.7375946,1,-73.98962402,40.74077988,1,7.5,0,0.5,2.05,0,10.35,3/3/16,3/3/16 0:00,0,26,36
2,3/10/16 20:53,3/10/16 20:57,2,1.26,-73.96581268,40.76541138,1,-73.950737,40.77156067,1,6,0.5,0.5,1.82,0,9.12,3/10/16,3/10/16 0:00,0,63,79
1,2/19/16 22:39,2/19/16 22:43,3,0.9,-73.99098206,40.74954224,1,-74.00275421,40.74981689,2,5.5,0.5,0.5,0,0,6.8,2/19/16,2/19/16 0:00,0,24,39
2,2/10/16 21:47,2/10/16 21:56,5,1.46,-73.99365234,40.75170898,1,-73.98758698,40.76839066,1,8,0.5,0.5,1.86,0,11.16,2/10/16,2/10/16 0:00,0.01,31,39
1,3/4/16 14:01,3/4/16 14:12,1,2.8,-74.00801849,40.70548248,1,-74.01017761,40.73200989,1,10.5,0,0.5,2.25,0,13.55,3/4/16,3/4/16 0:00,0.11,30,39
2,3/1/16 9:20,3/1/16 9:44,1,2.66,-73.95319366,40.79138947,1,-73.97779846,40.75716019,1,16,0,0.5,3.36,0,20.16,3/1/16,3/1/16 0:00,0,39,52
2,1/2/16 16:18,1/2/16 16:23,6,1.23,-73.99153137,40.72694016,1,-73.9803772,40.74248886,1,6.5,0,0.5,1.46,0,8.76,1/2/16,1/2/16 0:00,0,32,40
2,3/1/16 17:52,3/1/16 18:04,1,2.63,-73.98173523,40.76047516,1,-73.95582581,40.78501129,1,11,1,0.5,2.56,0,15.36,3/1/16,3/1/16 0:00,0,39,52
1,2/6/16 16:21,2/6/16 16:27,1,1.2,-73.96453857,40.76727676,1,-73.96776581,40.75263214,2,6.5,0,0.5,0,0,7.3,2/6/16,2/6/16 0:00,0,30,40
1,3/2/16 23:55,3/3/16 0:11,1,4,-73.98327637,40.72124481,1,-73.96382904,40.76150894,1,15.5,0.5,0.5,3,0,19.8,3/2/16,3/2/16 0:00,0.14,29,55
1,3/2/16 13:36,3/2/16 13:58,3,9.6,0,0,1,0,0,1,28.5,0,0.5,6,5.54,40.84,3/2/16,3/2/16 0:00,0.14,29,55
2,3/12/16 19:46,3/12/16 19:54,1,0.96,-73.99136353,40.73316956,1,-74.00244904,40.72660065,2,6.5,0,0.5,0,0,7.3,3/12/16,3/12/16 0:00,0,40,59
2,3/7/16 17:33,3/7/16 18:02,1,4.42,-73.96133423,40.77127457,1,-74.00778198,40.73178864,1,20,1,0.5,2,0,23.8,3/7/16,3/7/16 0:00,0,36,60
2,2/4/16 0:25,2/4/16 0:34,1,2.33,-73.98835754,40.72333145,1,-73.989151,40.74845886,1,9.5,0.5,0.5,2.16,0,12.96,2/4/16,2/4/16 0:00,0,44,59
1,1/8/16 21:00,1/8/16 21:50,3,6.1,-74.00197601,40.72813416,1,-73.9577179,40.72210312,1,33,0.5,0.5,8.55,0,42.85,1/8/16,1/8/16 0:00,0,31,46
2,2/2/16 19:01,2/2/16 19:07,1,1.07,-73.98574829,40.72706985,1,-73.97457123,40.73646164,1,6,1,0.5,1.17,0,8.97,2/2/16,2/2/16 0:00,0,38,50
2,2/11/16 7:35,2/11/16 7:39,1,0.42,-73.9748764,40.75588989,1,-73.97120667,40.76102829,1,4.5,0,0.5,1.06,0,6.36,2/11/16,2/11/16 0:00,0,18,31
2,2/10/16 22:06,2/10/16 22:11,6,1.07,-73.9783783,40.75502396,1,-73.99029541,40.74684525,1,6,0.5,0.5,0.9,0,8.2,2/10/16,2/10/16 0:00,0.01,31,39
2,3/8/16 22:24,3/8/16 22:35,2,2.7,-73.98389435,40.75483322,1,-73.97231293,40.78663254,1,11,0.5,0.5,2.46,0,14.76,3/8/16,3/8/16 0:00,0,47,67
2,2/5/16 17:30,2/5/16 17:36,1,1.17,-73.98854828,40.74369049,1,-74.00045013,40.73318863,1,6,1,0.5,1.56,0,9.36,2/5/16,2/5/16 0:00,0.53,31,44
1,2/19/16 23:43,2/19/16 23:51,1,1.5,-73.99478149,40.72579193,1,-73.98069,40.74235916,1,7.5,0.5,0.5,1.75,0,10.55,2/19/16,2/19/16 0:00,0,24,39
2,2/7/16 20:36,2/7/16 21:03,1,17.24,-73.78993988,40.64673996,2,-73.9888916,40.75844574,1,52,0,0.5,11.67,5.54,70.01,2/7/16,2/7/16 0:00,0,33,47
2,3/14/16 22:46,3/15/16 22:13,5,17.12,-73.79727936,40.64477921,2,-73.98783875,40.71989822,1,52,0,0.5,10.56,0,63.36,3/14/16,3/14/16 0:00,0.29,40,51
1,1/9/16 14:30,1/9/16 14:30,1,0,-74.00242615,40.74671173,1,0,0,2,2.5,0,0.5,0,0,3.3,1/9/16,1/9/16 0:00,0,40,47
1,2/3/16 14:21,2/3/16 14:26,1,1,-73.95554352,40.76862335,1,-73.94772339,40.78044891,2,6,0,0.5,0,0,6.8,2/3/16,2/3/16 0:00,0.73,42,59
2,3/9/16 7:43,3/9/16 7:48,1,0.74,-73.97872162,40.7566452,1,-73.9879837,40.7539711,2,5,0,0.5,0,0,5.8,3/9/16,3/9/16 0:00,0,44,77
2,3/9/16 8:48,3/9/16 8:55,1,0.86,-73.96627808,40.76483154,1,-73.95663452,40.76690292,1,6.5,0,0.5,1.82,0,9.12,3/9/16,3/9/16 0:00,0,44,77
1,3/6/16 13:05,3/6/16 13:10,1,0.3,-73.99139404,40.74642563,1,-73.99041748,40.74846268,2,4.5,0,0.5,0,0,5.3,3/6/16,3/6/16 0:00,0,32,44
2,3/11/16 8:40,3/11/16 8:47,1,0.57,-73.96273804,40.76488495,1,-73.96828461,40.76499176,2,6.5,0,0.5,0,0,7.3,3/11/16,3/11/16 0:00,0.06,48,68
2,2/1/16 22:40,2/1/16 22:50,5,2.3,-73.99464417,40.7248497,1,-73.97548676,40.75245667,1,10,0.5,0.5,2.26,0,13.56,2/1/16,2/1/16 0:00,0.01,44,59
1,1/5/16 14:46,1/5/16 14:53,1,1.1,-73.98439789,40.77986526,1,-73.97322845,40.79035187,2,7,0,0.5,0,0,7.8,1/5/16,1/5/16 0:00,0,11,29
1,1/3/16 16:57,1/3/16 17:24,3,10,-73.99970245,40.74859619,1,-73.87265778,40.77447128,2,30.5,0,0.5,0,5.54,36.84,1/3/16,1/3/16 0:00,0,35,45
2,3/6/16 20:51,3/6/16 20:57,5,1.15,-73.99299622,40.71397018,1,-73.98679352,40.72909927,2,6.5,0.5,0.5,0,0,7.8,3/6/16,3/6/16 0:00,0,32,44
2,3/5/16 23:50,3/5/16 23:56,2,1.38,-73.97709656,40.76105881,1,-73.96813965,40.76963043,2,6.5,0.5,0.5,0,0,7.8,3/5/16,3/5/16 0:00,0,28,41
1,1/8/16 8:52,1/8/16 9:20,1,5.3,-73.97470093,40.74246597,1,-73.94798279,40.80416489,1,22,0,0.5,4.55,0,27.35,1/8/16,1/8/16 0:00,0,31,46
2,1/27/16 22:55,1/27/16 23:21,3,5.24,-73.98388672,40.72932053,1,-73.9235611,40.70581818,1,20.5,0.5,0.5,1.5,0,23.3,1/27/16,1/27/16 0:00,0,34,47
1,2/3/16 8:24,2/3/16 8:37,1,1.6,-74.00593567,40.75113297,1,-73.99770355,40.73443985,1,10,0,0.5,3.2,0,14,2/3/16,2/3/16 0:00,0.73,42,59
2,2/12/16 10:50,2/12/16 11:14,2,3.8,-73.94776154,40.77501678,1,-73.990242,40.75086212,2,18.5,0,0.5,0,0,19.3,2/12/16,2/12/16 0:00,0,15,27
2,3/11/16 10:11,3/11/16 10:28,1,2.9,-73.98722839,40.75059891,1,-73.95632172,40.77574921,1,13,0,0.5,2.76,0,16.56,3/11/16,3/11/16 0:00,0.06,48,68
2,3/12/16 9:48,3/12/16 9:55,1,1.42,-74.00197601,40.74687958,1,-73.99054718,40.75904846,1,7,0,0.5,1.56,0,9.36,3/12/16,3/12/16 0:00,0,40,59
1,2/10/16 19:55,2/10/16 20:14,1,4.6,-74.0133667,40.7053833,1,-73.98720551,40.73151779,2,18,1,0.5,0,0,19.8,2/10/16,2/10/16 0:00,0.01,31,39
1,2/3/16 22:18,2/3/16 22:37,1,2.8,-73.9681015,40.75922012,1,-73.92605591,40.758461,1,14.5,0.5,0.5,3.15,0,18.95,2/3/16,2/3/16 0:00,0.73,42,59
2,1/3/16 14:23,1/3/16 14:35,1,2.63,-73.96185303,40.77373886,1,-73.96784973,40.80054474,1,11.5,0,0.5,2.2,0,14.5,1/3/16,1/3/16 0:00,0,35,45
2,3/3/16 7:26,3/3/16 7:31,1,0.85,-73.95796204,40.76836014,1,-73.96753693,40.76290131,1,5.5,0,0.5,1,0,7.3,3/3/16,3/3/16 0:00,0,26,36
1,1/10/16 12:29,1/10/16 12:38,1,1.9,-73.9620285,40.77902222,1,-73.96696472,40.75744629,2,8.5,0,0.5,0,0,9.3,1/10/16,1/10/16 0:00,1.8,40,59
2,3/3/16 19:18,3/3/16 19:53,1,11.49,-73.87103271,40.77377701,1,-73.98936462,40.75281525,2,36,1,0.5,0,5.54,43.34,3/3/16,3/3/16 0:00,0,26,36
1,2/2/16 9:35,2/2/16 9:54,1,2.9,-73.96570587,40.79529953,1,-73.99278259,40.75750732,2,14,0,0.5,0,0,14.8,2/2/16,2/2/16 0:00,0,38,50
1,1/9/16 0:18,1/9/16 0:29,1,1.4,0,0,1,0,0,1,8.5,0.5,0.5,2.9,0,12.7,1/9/16,1/9/16 0:00,0,40,47
1,2/3/16 20:01,2/3/16 20:14,2,2.2,-73.99409485,40.75120163,1,-73.98416901,40.75674057,2,11,0.5,0.5,0,0,12.3,2/3/16,2/3/16 0:00,0.73,42,59
2,2/2/16 10:33,2/2/16 11:12,1,9.3,-73.87075806,40.77369308,1,-73.99490356,40.75206375,1,35,0,0.5,8.27,5.54,49.61,2/2/16,2/2/16 0:00,0,38,50
2,2/6/16 13:47,2/6/16 13:57,1,1.95,-73.97466278,40.76229858,1,-73.95082855,40.77167892,1,9,0,0.5,1.96,0,11.76,2/6/16,2/6/16 0:00,0,30,40
2,2/7/16 0:21,2/7/16 0:47,1,5.76,-73.95593262,40.77599335,1,-74.00602722,40.74374008,2,20.5,0.5,0.5,0,0,21.8,2/7/16,2/7/16 0:00,0,33,47
2,3/5/16 12:11,3/5/16 12:20,1,0.81,-73.99362183,40.74993896,1,-73.98747253,40.76037979,2,7,0,0.5,0,0,7.8,3/5/16,3/5/16 0:00,0,28,41
1,2/6/16 17:34,2/6/16 18:06,1,5.5,-73.98397064,40.77555466,1,-73.99733734,40.71607208,1,23.5,0,0.5,6.05,0,30.35,2/6/16,2/6/16 0:00,0,30,40
1,3/1/16 21:15,3/1/16 21:18,1,0.5,-73.97140503,40.76044464,1,-73.96943665,40.76628113,1,4,0.5,0.5,1.06,0,6.36,3/1/16,3/1/16 0:00,0,39,52
2,1/1/16 21:21,1/1/16 21:56,1,16.18,-73.95766449,40.71780014,1,-73.88985443,40.65122604,1,46.5,0.5,0.5,0,0,47.8,1/1/16,1/1/16 0:00,0,34,42
2,3/3/16 16:55,3/3/16 17:29,6,11.24,-73.97328949,40.75486755,1,-73.86408997,40.76974869,1,34,1,0.5,10.34,5.54,51.68,3/3/16,3/3/16 0:00,0,26,36
1,1/1/16 23:07,1/1/16 23:22,1,3.4,-73.98861694,40.7587738,1,-73.97021484,40.80134583,1,14,0.5,0.5,3.05,0,18.35,1/1/16,1/1/16 0:00,0,34,42
2,3/7/16 8:38,3/7/16 8:43,5,0.77,-73.97408295,40.74710846,1,-73.97675323,40.73923874,1,5.5,0,0.5,1.26,0,7.56,3/7/16,3/7/16 0:00,0,36,60
2,3/6/16 0:21,3/6/16 0:28,2,1.06,-73.96633148,40.76207352,1,-73.98206329,40.76602936,1,6.5,0.5,0.5,1,0,8.8,3/6/16,3/6/16 0:00,0,32,44
1,2/12/16 17:45,2/12/16 17:54,1,1.2,-73.9679184,40.76287842,1,-73.95581818,40.77278137,1,8,1,0.5,0.5,0,10.3,2/12/16,2/12/16 0:00,0,15,27
2,2/12/16 14:19,2/12/16 14:25,1,0.89,-73.99240112,40.73070908,1,-74.00243378,40.73366165,1,5.5,0,0.5,1.26,0,7.56,2/12/16,2/12/16 0:00,0,15,27
1,1/1/16 21:11,1/1/16 21:30,1,2.3,-73.99481964,40.76583862,1,-73.99118805,40.74986267,1,13.5,0.5,0.5,2.95,0,17.75,1/1/16,1/1/16 0:00,0,34,42
1,2/5/16 12:40,2/5/16 13:01,2,2.3,-74.00021362,40.73464584,1,-73.97842407,40.76293564,1,14,0,0.5,1.5,0,16.3,2/5/16,2/5/16 0:00,0.53,31,44
2,3/12/16 0:37,3/12/16 0:37,1,0,0,0,5,-73.95688629,40.77077103,1,60,0,0,12.06,0,72.36,3/12/16,3/12/16 0:00,0,40,59
1,3/4/16 16:01,3/4/16 16:10,2,1,-73.99956512,40.73860168,1,-73.98288727,40.73157883,1,7,1,0.5,1.75,0,10.55,3/4/16,3/4/16 0:00,0.11,30,39
2,3/3/16 8:15,3/3/16 8:38,5,1.67,-73.97828674,40.7523613,1,-74.00153351,40.75138092,1,15,0,0.5,3.16,0,18.96,3/3/16,3/3/16 0:00,0,26,36
1,2/11/16 14:49,2/11/16 15:13,1,6.7,-73.95211029,40.81898117,1,-73.99791718,40.75319672,1,24,0,0.5,4.95,0,29.75,2/11/16,2/11/16 0:00,0,18,31
2,3/7/16 15:18,3/7/16 15:32,1,1.64,-73.97814178,40.74191284,1,-73.99951172,40.75375366,2,10,0,0.5,0,0,10.8,3/7/16,3/7/16 0:00,0,36,60
2,2/12/16 1:39,2/12/16 1:51,2,3.14,-73.98867798,40.74523926,1,-73.95388031,40.74272919,2,12,0.5,0.5,0,5.54,18.84,2/12/16,2/12/16 0:00,0,15,27
2,3/6/16 18:37,3/6/16 18:53,1,2.21,-73.99388885,40.75019836,1,-73.9881134,40.73468781,1,12,0,0.5,2.56,0,15.36,3/6/16,3/6/16 0:00,0,32,44
1,2/2/16 21:27,2/2/16 21:33,1,0.7,-73.96731567,40.76340866,1,-73.95834351,40.76056671,2,5.5,0.5,0.5,0,0,6.8,2/2/16,2/2/16 0:00,0,38,50
1,1/7/16 18:21,1/7/16 18:41,1,5.8,-73.97294617,40.76412201,1,-74.00641632,40.70509338,1,19.5,1,0.5,4.25,0,25.55,1/7/16,1/7/16 0:00,0,31,46
2,1/1/16 16:44,1/1/16 16:48,1,0.8,-73.97707367,40.74309158,1,-73.97644043,40.73518372,1,5,0,0.5,1.16,0,6.96,1/1/16,1/1/16 0:00,0,34,42
1,1/15/16 23:21,1/15/16 23:28,1,0.9,-73.98173523,40.75246048,1,-73.99373627,40.74641037,1,6.5,0.5,0.5,2,0,9.8,1/15/16,1/15/16 0:00,0,34,51
2,2/7/16 19:25,2/7/16 19:33,1,1.17,-73.98659515,40.73405457,1,-73.98788452,40.72106552,2,7,0,0.5,0,0,7.8,2/7/16,2/7/16 0:00,0,33,47
1,2/4/16 7:19,2/4/16 7:24,1,0.9,-73.97882843,40.7196579,2,-73.99467468,40.72501755,3,52,0,0.5,0,0,52.8,2/4/16,2/4/16 0:00,0,44,59
1,1/1/16 11:33,1/1/16 11:42,4,2.8,-74.00410461,40.71302032,1,-73.98761749,40.74473953,2,10,0,0.5,0,0,10.8,1/1/16,1/1/16 0:00,0,34,42
2,2/12/16 15:49,2/12/16 15:52,1,0.44,0,0,1,0,0,2,4,0,0.5,0,0,4.8,2/12/16,2/12/16 0:00,0,15,27
2,3/14/16 8:03,3/14/16 8:16,5,1.99,-73.95761871,40.77936935,1,-73.974617,40.75572968,1,11,0,0.5,2.36,0,14.16,3/14/16,3/14/16 0:00,0.29,40,51
2,3/15/16 10:10,3/15/16 10:16,2,0.97,-73.9896698,40.76292038,1,-74.00108337,40.75727081,1,6,0,0.5,1.36,0,8.16,3/15/16,3/15/16 0:00,0,44,57
2,2/3/16 8:39,2/3/16 9:01,1,2.41,-73.98995209,40.74680328,1,-73.96368408,40.76766205,1,14.5,0,0.5,1.5,0,16.8,2/3/16,2/3/16 0:00,0.73,42,59
1,3/6/16 21:51,3/6/16 22:04,1,2.5,-73.99241638,40.74878311,1,-73.98265839,40.72319412,1,11.5,0.5,0.5,2.56,0,15.36,3/6/16,3/6/16 0:00,0,32,44
1,2/11/16 19:17,2/11/16 19:29,1,1.4,-73.97122955,40.7505722,1,-73.978508,40.76185989,1,9,1,0.5,2,0,12.8,2/11/16,2/11/16 0:00,0,18,31
1,1/10/16 0:38,1/10/16 0:45,2,1,-73.99018097,40.72910309,1,-73.99638367,40.73799515,1,6.5,0.5,0.5,1.5,0,9.3,1/10/16,1/10/16 0:00,1.8,40,59
1,3/1/16 17:39,3/1/16 17:47,1,1.6,-73.96573639,40.76300049,1,-73.94704437,40.77259445,1,8,1,0.5,1.95,0,11.75,3/1/16,3/1/16 0:00,0,39,52
1,1/7/16 17:47,1/7/16 17:51,1,0.6,-74.00304413,40.72784424,1,-73.99318695,40.72552872,1,5,1,0.5,1.35,0,8.15,1/7/16,1/7/16 0:00,0,31,46
1,1/5/16 10:08,1/5/16 10:19,1,1.8,-73.991539,40.74982071,1,-73.97973633,40.73335266,2,9,0,0.5,0,0,9.8,1/5/16,1/5/16 0:00,0,11,29
2,3/8/16 10:05,3/8/16 10:32,1,10.53,-73.86348724,40.76982117,1,-73.96886444,40.7575264,1,31,0,0.5,7.47,5.54,44.81,3/8/16,3/8/16 0:00,0,47,67
1,1/29/16 9:37,1/29/16 10:03,1,3.5,-73.98499298,40.73880005,1,-73.97631836,40.77637863,1,18,0,0.5,3.75,0,22.55,1/29/16,1/29/16 0:00,0,30,41
1,2/11/16 14:11,2/11/16 14:21,1,0.7,-74.00011444,40.73833084,1,-74.00649261,40.73022461,1,8,0,0.5,1,0,9.8,2/11/16,2/11/16 0:00,0,18,31
2,2/3/16 17:28,2/3/16 18:17,1,6.25,-73.98461914,40.75111771,1,-73.91091156,40.77289963,1,32.5,1,0.5,6.86,0,41.16,2/3/16,2/3/16 0:00,0.73,42,59
2,2/5/16 19:02,2/5/16 19:24,1,5.84,-73.99017334,40.7563591,1,-73.99555206,40.71699142,2,21,1,0.5,0,0,22.8,2/5/16,2/5/16 0:00,0.53,31,44
2,3/2/16 8:41,3/2/16 8:54,1,1.97,-73.96016693,40.77052689,1,-73.98683167,40.76666641,1,10.5,0,0.5,2.26,0,13.56,3/2/16,3/2/16 0:00,0.14,29,55
1,1/1/16 0:45,1/1/16 0:56,1,1.9,-73.98879242,40.71886444,1,-74.00608063,40.73529434,1,9.5,0.5,0.5,3.2,0,14,1/1/16,1/1/16 0:00,0,34,42
2,3/1/16 16:12,3/1/16 16:18,2,1.34,-73.99073029,40.77501678,1,-73.97696686,40.78520584,1,6.5,1,0.5,1.66,0,9.96,3/1/16,3/1/16 0:00,0,39,52
1,2/3/16 4:39,2/3/16 4:46,1,4,-73.95536804,40.78847504,1,-73.99194336,40.73839951,1,12.5,0.5,0.5,2.76,0,16.56,2/3/16,2/3/16 0:00,0.73,42,59
2,3/9/16 18:06,3/9/16 18:37,1,2.93,-73.97519684,40.7654686,1,-74.00196075,40.73500061,2,18.5,1,0.5,0,0,20.3,3/9/16,3/9/16 0:00,0,44,77
2,1/29/16 11:49,1/29/16 11:56,5,1.35,-73.97074127,40.78843307,1,-73.9672699,40.80333328,2,6.5,0,0.5,0,0,7.3,1/29/16,1/29/16 0:00,0,30,41
1,1/5/16 10:16,1/5/16 10:30,1,1.4,-73.99124146,40.7552948,1,-73.97158813,40.7595787,1,10,0,0.5,2,0,12.8,1/5/16,1/5/16 0:00,0,11,29
1,2/5/16 21:07,2/5/16 21:18,1,0.5,-73.99576569,40.72509766,1,-73.98971558,40.72940063,2,7.5,0.5,0.5,0,0,8.8,2/5/16,2/5/16 0:00,0.53,31,44
2,3/10/16 17:13,3/10/16 17:32,1,1.53,-73.9655304,40.76903915,1,-73.98223877,40.75680161,1,12.5,1,0.5,2,0,16.3,3/10/16,3/10/16 0:00,0,63,79
2,3/12/16 14:30,3/12/16 14:39,1,0.71,-73.97279358,40.76369095,1,-73.97305298,40.75561905,1,7,0,0.5,1.95,0,9.75,3/12/16,3/12/16 0:00,0,40,59
2,1/29/16 9:54,1/29/16 10:03,1,1.28,-73.96218872,40.76404572,1,-73.97117615,40.74833679,1,7.5,0,0.5,1.66,0,9.96,1/29/16,1/29/16 0:00,0,30,41
2,3/3/16 11:06,3/3/16 11:17,1,0.92,-73.99170685,40.74990082,1,-73.98252869,40.75218964,1,8,0,0.5,1.76,0,10.56,3/3/16,3/3/16 0:00,0,26,36
2,3/10/16 16:44,3/10/16 16:47,1,0.47,-73.99771881,40.74171829,1,-74.00585175,40.74518967,1,4,1,0.5,1.16,0,6.96,3/10/16,3/10/16 0:00,0,63,79
2,1/2/16 18:57,1/2/16 19:10,1,1.86,-73.98187256,40.77011108,1,-73.95735931,40.7700882,1,10.5,0,0.5,2.26,0,13.56,1/2/16,1/2/16 0:00,0,32,40
1,1/8/16 13:06,1/8/16 13:11,1,0.6,-73.9924469,40.73757172,1,-73.98672485,40.73719025,1,5,0,0.5,1.15,0,6.95,1/8/16,1/8/16 0:00,0,31,46
1,1/28/16 1:09,1/28/16 1:20,1,2.5,-74.00112915,40.73171616,1,-73.98688507,40.76136017,2,10,0.5,0.5,0,0,11.3,1/28/16,1/28/16 0:00,0,32,42
2,2/2/16 20:09,2/2/16 20:32,6,5.04,-73.96575928,40.76127243,1,-73.87865448,40.73686981,2,19.5,0.5,0.5,0,0,20.8,2/2/16,2/2/16 0:00,0,38,50
2,3/4/16 9:04,3/4/16 9:19,1,0.46,-73.97046661,40.75344086,1,-73.97799683,40.75611115,1,9.5,0,0.5,1,0,11.3,3/4/16,3/4/16 0:00,0.11,30,39
2,1/3/16 18:55,1/3/16 19:01,1,1.4,-73.98178864,40.75536728,1,-73.98640442,40.73939514,1,7,0,0.5,2.34,0,10.14,1/3/16,1/3/16 0:00,0,35,45
2,2/19/16 21:11,2/19/16 21:14,5,1.21,-73.96586609,40.76255035,1,-73.95380402,40.77532196,1,5.5,0.5,0.5,1.5,0,8.3,2/19/16,2/19/16 0:00,0,24,39
1,2/11/16 21:46,2/11/16 22:14,1,15.7,-73.77666473,40.64533615,1,-73.94792938,40.63321686,1,44,0.5,0.5,0,0,45.3,2/11/16,2/11/16 0:00,0,18,31
1,3/6/16 21:31,3/6/16 21:38,2,0.9,0,0,1,-73.98508453,40.75974655,1,6,0.5,0.5,2,0,9.3,3/6/16,3/6/16 0:00,0,32,44
2,1/1/16 19:48,1/1/16 19:54,1,1.27,-74.0055542,40.72709274,1,-73.99453735,40.73462677,1,6,0,0.5,1.36,0,8.16,1/1/16,1/1/16 0:00,0,34,42
2,3/12/16 11:04,3/12/16 11:19,1,2.79,-73.95041656,40.77985001,1,-73.98026276,40.75775909,1,13,0,0.5,4.14,0,17.94,3/12/16,3/12/16 0:00,0,40,59
1,3/2/16 17:24,3/2/16 17:30,1,1.1,-73.96713257,40.76369476,1,-73.95644379,40.76810074,2,6.5,1,0.5,0,0,8.3,3/2/16,3/2/16 0:00,0.14,29,55
2,3/6/16 18:58,3/6/16 19:08,1,2.12,-73.97644806,40.77656937,1,-73.97167206,40.79962921,2,10,0,0.5,0,0,10.8,3/6/16,3/6/16 0:00,0,32,44
2,2/3/16 13:21,2/3/16 13:41,1,2.98,-74.00814819,40.73836899,1,-74.01034546,40.7051239,1,15.5,0,0.5,2.5,0,18.8,2/3/16,2/3/16 0:00,0.73,42,59
1,2/7/16 22:31,2/7/16 22:37,1,1.3,-73.98065948,40.67606735,1,-73.99285126,40.68122864,1,7,0.5,0.5,1.5,0,9.8,2/7/16,2/7/16 0:00,0,33,47
1,3/1/16 10:09,3/1/16 11:16,1,1.7,-73.95327759,40.77845383,1,-73.95343781,40.76670837,1,9.5,0,0.5,2.06,0,12.36,3/1/16,3/1/16 0:00,0,39,52
1,1/5/16 15:46,1/5/16 16:28,1,8.5,-74.00045776,40.71828079,1,-73.96201324,40.61318207,1,33.5,0,0.5,5,0,39.3,1/5/16,1/5/16 0:00,0,11,29
1,1/8/16 8:21,1/8/16 9:00,1,2.9,-73.95537567,40.78785706,1,-73.9838562,40.76977158,1,23,0,0.5,2.5,0,26.3,1/8/16,1/8/16 0:00,0,31,46
1,2/11/16 10:49,2/11/16 11:10,1,2.4,-73.9879837,40.74394608,1,-73.99178314,40.71665573,1,14,0,0.5,2.95,0,17.75,2/11/16,2/11/16 0:00,0,18,31
2,3/1/16 13:17,3/1/16 13:24,1,1.14,-73.97496796,40.76161194,1,-73.98558044,40.74691391,2,6.5,0,0.5,0,0,7.3,3/1/16,3/1/16 0:00,0,39,52
1,2/19/16 23:37,2/20/16 0:13,2,9.8,-73.99011993,40.75737,1,-73.88951874,40.84929276,1,33,0.5,0.5,10.25,0,44.55,2/19/16,2/19/16 0:00,0,24,39
1,2/3/16 9:27,2/3/16 9:41,1,1.3,-73.99160004,40.75985718,1,-73.98040009,40.74781036,1,10,0,0.5,2,0,12.8,2/3/16,2/3/16 0:00,0.73,42,59
2,2/10/16 21:41,2/10/16 22:13,1,18.77,-73.78986359,40.64677811,2,-74.00369263,40.73194122,1,52,0,0.5,11.67,5.54,70.01,2/10/16,2/10/16 0:00,0.01,31,39
1,2/2/16 0:44,2/2/16 0:57,1,4.5,-73.93275452,40.76427078,1,-73.90491486,40.72058487,1,15.5,0.5,0.5,1.2,0,18,2/2/16,2/2/16 0:00,0,38,50
2,1/15/16 21:37,1/15/16 22:06,5,4.51,-73.98697662,40.72089767,1,-73.96463013,40.77299881,2,20.5,0.5,0.5,0,0,21.8,1/15/16,1/15/16 0:00,0,34,51
1,2/10/16 19:18,2/10/16 19:23,4,1,-73.99107361,40.74508286,1,-73.98025513,40.75503922,1,5.5,1,0.5,1.45,0,8.75,2/10/16,2/10/16 0:00,0.01,31,39
2,2/5/16 18:35,2/5/16 18:39,1,0.77,-73.97148132,40.75535965,1,-73.96146393,40.75680542,2,5,1,0.5,0,0,6.8,2/5/16,2/5/16 0:00,0.53,31,44
1,1/7/16 19:55,1/7/16 20:02,1,1.3,-73.98656464,40.75597763,1,-73.98593903,40.74091339,1,7,1,0.5,2.2,0,11,1/7/16,1/7/16 0:00,0,31,46
2,1/2/16 18:58,1/2/16 19:04,3,1.12,-73.98477173,40.74506378,1,-73.97466278,40.758564,1,6.5,0,0.5,1.82,0,9.12,1/2/16,1/2/16 0:00,0,32,40
2,3/3/16 20:14,3/3/16 20:24,4,1.94,-73.9912796,40.73274994,1,-74.01081848,40.70883942,1,9,0.5,0.5,1.5,0,11.8,3/3/16,3/3/16 0:00,0,26,36
1,2/5/16 17:51,2/5/16 18:17,1,8.9,-73.87347412,40.77399445,1,-73.98627472,40.73187637,2,28,1,0.5,0,5.54,35.34,2/5/16,2/5/16 0:00,0.53,31,44
2,2/7/16 11:21,2/7/16 11:35,1,3.48,-73.96101379,40.76995087,1,-74.0009613,40.74636841,2,13.5,0,0.5,0,0,14.3,2/7/16,2/7/16 0:00,0,33,47
1,2/4/16 14:32,2/4/16 14:49,1,1.3,-73.99131012,40.75046158,1,-73.97692871,40.75743103,2,11,0,0.5,0,0,11.8,2/4/16,2/4/16 0:00,0,44,59
2,3/5/16 19:45,3/5/16 19:57,1,1.62,-73.9814682,40.76268005,1,-73.96337891,40.76918793,1,9.5,0,0.5,2.06,0,12.36,3/5/16,3/5/16 0:00,0,28,41
1,1/5/16 21:43,1/5/16 21:57,1,3.3,-73.87094116,40.77376938,1,-73.89289093,40.74729156,1,12.5,0.5,0.5,1,0,14.8,1/5/16,1/5/16 0:00,0,11,29
2,1/3/16 10:33,1/3/16 11:05,2,10.77,-73.97493744,40.68069839,1,-73.85848999,40.75080109,2,35,0,0.5,0,0,35.8,1/3/16,1/3/16 0:00,0,35,45
1,1/2/16 18:51,1/2/16 18:54,1,0.6,-73.95957947,40.76280594,1,-73.95684814,40.77077484,2,4.5,0,0.5,0,0,5.3,1/2/16,1/2/16 0:00,0,32,40
2,3/13/16 22:04,3/13/16 22:13,1,1.65,0,0,1,0,0,1,8,0.5,0.5,1.86,0,11.16,3/13/16,3/13/16 0:00,0,50,62
2,3/1/16 8:22,3/1/16 8:45,1,2.67,-73.98121643,40.77922821,1,-74.00724792,40.75144577,1,15.5,0,0.5,3.26,0,19.56,3/1/16,3/1/16 0:00,0,39,52
2,3/15/16 12:51,3/15/16 13:05,2,2.49,-73.98622894,40.72229004,1,-73.97402954,40.74752045,1,11.5,0,0.5,2.46,0,14.76,3/15/16,3/15/16 0:00,0,44,57
1,2/13/16 17:09,2/13/16 17:20,1,2,-73.99961853,40.71853256,1,-73.99864197,40.74039459,1,9,0,0.5,1.76,0,11.56,2/13/16,2/13/16 0:00,0,6,22
2,2/6/16 9:58,2/6/16 10:01,1,0.64,-73.96327972,40.75569153,1,-73.96209717,40.76134872,1,4.5,0,0.5,1.32,0,6.62,2/6/16,2/6/16 0:00,0,30,40
1,1/8/16 10:37,1/8/16 10:47,1,0.9,-73.96105194,40.77202225,1,-73.96998596,40.75940323,2,8,0,0.5,0,0,8.8,1/8/16,1/8/16 0:00,0,31,46
2,1/16/16 1:36,1/16/16 1:55,1,4.21,-73.99971771,40.72808838,1,-73.96772003,40.76018906,1,15.5,0.5,0.5,3.36,0,20.16,1/16/16,1/16/16 0:00,0.24,42,52
1,3/2/16 8:38,3/2/16 8:46,1,1.3,-73.96245575,40.75900269,1,-73.97457123,40.75195694,1,7.5,0,0.5,1,0,9.3,3/2/16,3/2/16 0:00,0.14,29,55
2,3/12/16 0:36,3/12/16 0:54,5,4.48,-73.98883057,40.7259407,1,-73.94905853,40.77326965,1,17,0.5,0.5,2,0,20.3,3/12/16,3/12/16 0:00,0,40,59
2,3/11/16 18:23,3/11/16 19:30,1,19.41,-73.78797913,40.64131927,2,-73.98638916,40.76646042,1,52,4.5,0.5,20,5.54,82.84,3/11/16,3/11/16 0:00,0.06,48,68
1,2/3/16 5:55,2/3/16 6:09,1,4.4,-73.98170471,40.75616455,1,-73.93504333,40.79584885,2,14,0,0.5,0,0,14.8,2/3/16,2/3/16 0:00,0.73,42,59
2,2/2/16 14:41,2/2/16 14:53,1,2.13,-73.99725342,40.75723267,1,-73.97579956,40.77792358,1,10,0,0.5,2.7,0,13.5,2/2/16,2/2/16 0:00,0,38,50
2,2/1/16 10:26,2/1/16 10:34,1,1.13,-73.98775482,40.75999832,1,-73.98608398,40.77243805,2,6.5,0,0.5,0,0,7.3,2/1/16,2/1/16 0:00,0.01,44,59
1,2/6/16 9:46,2/6/16 10:12,1,9.2,-73.96151733,40.66186523,1,-73.97317505,40.75556946,1,30,0,0.5,6.15,0,36.95,2/6/16,2/6/16 0:00,0,30,40
1,1/8/16 22:49,1/8/16 23:12,2,7.4,-74.01327515,40.71623611,1,-73.94844055,40.77420425,2,25,0.5,0.5,0,0,26.3,1/8/16,1/8/16 0:00,0,31,46
1,2/13/16 18:41,2/13/16 18:59,1,2.6,-73.97293091,40.74880981,1,-73.95259094,40.77577591,1,13.5,0,0.5,2,0,16.3,2/13/16,2/13/16 0:00,0,6,22
2,3/11/16 21:36,3/11/16 22:10,1,18.2,-73.77683258,40.64510345,1,-73.97307587,40.69340134,1,50,0.5,0.5,7.7,0,59,3/11/16,3/11/16 0:00,0.06,48,68
2,2/12/16 14:32,2/12/16 14:36,1,0.56,-74.00274658,40.75278091,1,-73.99440002,40.75075912,1,4.5,0,0.5,1.06,0,6.36,2/12/16,2/12/16 0:00,0,15,27
1,2/12/16 9:02,2/12/16 9:13,1,1.1,-73.99165344,40.75499725,1,-73.97937012,40.76203537,1,8,0,0.5,3,0,11.8,2/12/16,2/12/16 0:00,0,15,27
2,2/7/16 16:23,2/7/16 16:29,1,1.37,-73.98271942,40.7479248,1,-73.9726944,40.76488113,1,6.5,0,0.5,1.46,0,8.76,2/7/16,2/7/16 0:00,0,33,47
2,3/11/16 9:23,3/11/16 9:33,1,0.83,-73.97822571,40.75367737,1,-73.97133636,40.76367569,2,7.5,0,0.5,0,0,8.3,3/11/16,3/11/16 0:00,0.06,48,68
2,2/4/16 13:26,2/4/16 13:34,2,1.81,-73.9205246,40.75336838,1,-73.94878387,40.74920273,2,8,0,0.5,0,0,8.8,2/4/16,2/4/16 0:00,0,44,59
2,3/9/16 10:46,3/9/16 11:19,1,8.88,-73.8730011,40.77398682,1,-73.95806122,40.76041031,1,29.5,0,0.5,7.17,5.54,43.01,3/9/16,3/9/16 0:00,0,44,77
2,1/28/16 1:37,1/28/16 1:49,1,2.78,-73.98692322,40.73654938,1,-74.01096344,40.70499039,1,11.5,0.5,0.5,2.56,0,15.36,1/28/16,1/28/16 0:00,0,32,42
2,3/13/16 19:36,3/13/16 19:57,1,5,-74.01055145,40.71379852,1,-73.98751068,40.77062988,1,19.5,0,0.5,3,0,23.3,3/13/16,3/13/16 0:00,0,50,62
1,2/7/16 11:10,2/7/16 11:13,1,0.8,-73.98607635,40.76236343,1,-73.98416138,40.77143097,2,4.5,0,0.5,0,0,5.3,2/7/16,2/7/16 0:00,0,33,47
1,1/10/16 11:20,1/10/16 11:55,1,18.7,-73.77674866,40.64522552,2,-73.95013428,40.78423309,1,52,0,0.5,13.2,0,66,1/10/16,1/10/16 0:00,1.8,40,59
2,3/2/16 17:40,3/2/16 17:44,2,0.7,-73.98220062,40.7677002,1,-73.97348785,40.76282883,2,4.5,1,0.5,0,0,6.3,3/2/16,3/2/16 0:00,0.14,29,55
2,3/2/16 9:13,3/2/16 9:29,6,1.88,-74.00584412,40.73642349,1,-73.98622131,40.75106812,1,12,0,0.5,2,0,14.8,3/2/16,3/2/16 0:00,0.14,29,55
1,1/5/16 18:50,1/5/16 19:00,1,1.8,-73.99234009,40.72925949,1,-73.99073029,40.74864578,2,9,1,0.5,0,0,10.8,1/5/16,1/5/16 0:00,0,11,29
1,3/2/16 6:09,3/2/16 6:15,1,2.1,-73.95461273,40.78068161,1,-73.97463989,40.75618744,1,8,0,0.5,1.75,0,10.55,3/2/16,3/2/16 0:00,0.14,29,55
1,3/14/16 17:09,3/14/16 17:12,1,0.7,-73.9593811,40.77753448,1,-73.96299744,40.76937485,2,4.5,1,0.5,0,0,6.3,3/14/16,3/14/16 0:00,0.29,40,51
1,3/6/16 14:04,3/6/16 14:19,2,1.5,-73.98200989,40.77384949,1,-73.99798584,40.76114655,2,10.5,0,0.5,0,0,11.3,3/6/16,3/6/16 0:00,0,32,44
1,2/3/16 3:19,2/3/16 3:21,1,0.6,-73.98373413,40.77030563,1,-73.98093414,40.77439117,1,4,0.5,0.5,1,0,6.3,2/3/16,2/3/16 0:00,0.73,42,59
1,1/28/16 0:55,1/28/16 1:07,2,3,-73.97843933,40.75178146,1,-73.97710419,40.7857933,1,11.5,0.5,0.5,1.2,0,14,1/28/16,1/28/16 0:00,0,32,42
2,2/13/16 17:49,2/13/16 18:05,1,2.05,-73.99237823,40.74937057,1,-73.9936676,40.73455811,2,11,0,0.5,0,0,11.8,2/13/16,2/13/16 0:00,0,6,22
1,3/3/16 21:41,3/3/16 21:49,1,1.2,-73.97927856,40.76199341,1,-73.96389008,40.76611328,1,7.5,0.5,0.5,1.76,0,10.56,3/3/16,3/3/16 0:00,0,26,36
2,3/2/16 20:43,3/2/16 20:55,2,2.11,-73.98239899,40.77742386,1,-73.95596313,40.77713013,1,10.5,0.5,0.5,2.36,0,14.16,3/2/16,3/2/16 0:00,0.14,29,55
2,3/8/16 17:54,3/8/16 18:10,1,2.22,-74.00515747,40.74176025,1,-74.0045166,40.71960831,1,12,1,0.5,2.76,0,16.56,3/8/16,3/8/16 0:00,0,47,67
2,2/11/16 15:07,2/11/16 15:26,1,1.16,-73.97824097,40.73734283,1,-73.98965454,40.7477951,1,12,0,0.5,2.56,0,15.36,2/11/16,2/11/16 0:00,0,18,31
1,1/7/16 21:54,1/7/16 21:59,2,1,-73.98012543,40.78034973,1,-73.98412323,40.76991653,1,5.5,0.5,0.5,1.35,0,8.15,1/7/16,1/7/16 0:00,0,31,46
1,1/9/16 2:46,1/9/16 2:59,2,2.1,-74.00379181,40.73749924,1,-73.98553467,40.76322937,2,9.5,0.5,0.5,0,0,10.8,1/9/16,1/9/16 0:00,0,40,47
1,2/6/16 17:16,2/6/16 17:32,2,2,-73.99160004,40.75031662,1,-73.96890259,40.75516129,1,11,0,0.5,2.35,0,14.15,2/6/16,2/6/16 0:00,0,30,40
2,3/8/16 20:03,3/8/16 20:06,3,0.7,-73.98866272,40.75880051,1,-73.98183441,40.76760864,1,4.5,0.5,0.5,1.16,0,6.96,3/8/16,3/8/16 0:00,0,47,67
1,3/1/16 6:31,3/1/16 6:37,1,1.3,-73.9644928,40.77307129,1,-73.97507477,40.75551987,1,7,0,0.5,1,0,8.8,3/1/16,3/1/16 0:00,0,39,52
2,3/15/16 12:07,3/15/16 12:35,6,5.99,-73.98796082,40.76976013,1,-74.01319885,40.70230865,2,24,0,0.5,0,0,24.8,3/15/16,3/15/16 0:00,0,44,57
1,1/6/16 20:16,1/6/16 20:55,3,19.5,-73.77676392,40.64522171,2,-73.99539948,40.72875977,1,52,0,0.5,10.55,0,63.35,1/6/16,1/6/16 0:00,0,25,41
2,3/7/16 22:10,3/7/16 22:18,1,1.87,-73.96186829,40.77937317,1,-73.98579407,40.7754631,2,9,0.5,0.5,0,0,10.3,3/7/16,3/7/16 0:00,0,36,60
2,2/6/16 0:48,2/6/16 0:57,1,1.25,-73.98352814,40.72612,1,-74.00117493,40.73389053,1,7.5,0.5,0.5,1,0,9.8,2/6/16,2/6/16 0:00,0,30,40
2,2/3/16 6:29,2/3/16 6:38,1,1.67,-73.98925781,40.75550842,1,-73.9850235,40.74231339,1,8,0,0.5,1.76,0,10.56,2/3/16,2/3/16 0:00,0.73,42,59
2,2/1/16 18:40,2/1/16 18:51,5,1.38,-73.9701004,40.7646637,1,-73.96489716,40.75421524,1,8.5,1,0.5,1.5,0,11.8,2/1/16,2/1/16 0:00,0.01,44,59
1,2/5/16 18:03,2/5/16 18:08,1,0.9,-73.98894501,40.75305939,1,-73.97681427,40.74747467,1,5.5,1,0.5,1.45,0,8.75,2/5/16,2/5/16 0:00,0.53,31,44
1,1/4/16 15:43,1/4/16 15:48,1,0.5,-73.94949341,40.77672958,1,-73.94628143,40.77290726,1,5,0,0.5,1.15,0,6.95,1/4/16,1/4/16 0:00,0,14,36
2,2/6/16 0:42,2/6/16 0:48,1,1.25,-73.98506165,40.74950027,1,-73.99861908,40.73992157,2,6,0.5,0.5,0,0,7.3,2/6/16,2/6/16 0:00,0,30,40
2,2/1/16 10:01,2/1/16 10:08,3,1.63,-73.98673248,40.70131683,1,-74.00667572,40.71378708,1,7.5,0,0.5,1.66,0,9.96,2/1/16,2/1/16 0:00,0.01,44,59
2,3/13/16 20:21,3/13/16 20:26,1,1.16,-73.998703,40.73471832,1,-73.98770905,40.74811554,2,6,0.5,0.5,0,0,7.3,3/13/16,3/13/16 0:00,0,50,62
2,3/8/16 8:21,3/8/16 8:51,4,6.7,-73.96088409,40.76937866,1,-74.00798035,40.70791245,1,27.5,0,0.5,4,0,32.3,3/8/16,3/8/16 0:00,0,47,67
1,1/5/16 22:42,1/5/16 22:53,2,2.9,-73.99359131,40.75705338,1,-74.00415802,40.71979141,1,11,0.5,0.5,0,0,12.3,1/5/16,1/5/16 0:00,0,11,29
1,2/11/16 18:16,2/11/16 18:32,1,2.5,-74.01433563,40.7171402,1,-74.00206757,40.75076294,1,12,1,0.5,1,0,14.8,2/11/16,2/11/16 0:00,0,18,31
1,1/9/16 13:36,1/9/16 13:45,1,1.4,-73.98748779,40.7388382,1,-74.00485992,40.73736191,1,8,0,0.5,2.2,0,11,1/9/16,1/9/16 0:00,0,40,47
2,3/13/16 10:11,3/13/16 10:23,1,2.2,-73.95012665,40.77731323,1,-73.97291565,40.75764847,1,10.5,0,0.5,2.26,0,13.56,3/13/16,3/13/16 0:00,0,50,62
1,3/1/16 7:31,3/1/16 7:40,1,1.7,-73.99164581,40.73187256,1,-73.99497986,40.75016022,1,8.5,0,0.5,1,0,10.3,3/1/16,3/1/16 0:00,0,39,52
1,2/1/16 17:30,2/1/16 17:38,1,0.8,-73.96841431,40.76478958,1,-73.97623444,40.75491714,2,6.5,1,0.5,0,0,8.3,2/1/16,2/1/16 0:00,0.01,44,59
1,3/4/16 2:57,3/4/16 3:15,1,4.6,-73.97422028,40.76389313,1,-73.98283386,40.76418304,1,17,0.5,0.5,5.45,0,23.75,3/4/16,3/4/16 0:00,0.11,30,39
1,3/3/16 11:33,3/3/16 11:48,1,1.7,-73.98551941,40.7416687,1,-73.99355316,40.73510742,1,11,0,0.5,2.35,0,14.15,3/3/16,3/3/16 0:00,0,26,36
1,3/4/16 15:25,3/4/16 15:49,1,3.8,-73.95864868,40.77560425,1,-73.95419312,40.81612778,2,17.5,0,0.5,0,0,18.3,3/4/16,3/4/16 0:00,0.11,30,39
2,1/3/16 10:25,1/3/16 10:31,1,1.13,-73.99131012,40.73500061,1,-73.97557068,40.73257065,2,6.5,0,0.5,0,0,7.3,1/3/16,1/3/16 0:00,0,35,45
2,1/3/16 3:26,1/3/16 3:33,5,1.69,-73.98174286,40.75733948,1,-73.96041107,40.76197052,1,7.5,0.5,0.5,1.76,0,10.56,1/3/16,1/3/16 0:00,0,35,45
1,2/6/16 17:24,2/6/16 17:36,1,1.9,-73.98455811,40.75518036,1,-73.96926117,40.76696396,1,9.5,0,0.5,2.05,0,12.35,2/6/16,2/6/16 0:00,0,30,40
2,2/13/16 17:43,2/13/16 18:18,5,5.12,-73.95617676,40.78467178,1,-73.99194336,40.72192383,1,24,0,0.5,4.96,0,29.76,2/13/16,2/13/16 0:00,0,6,22
2,3/12/16 14:24,3/12/16 14:32,1,1.15,-73.996521,40.74785233,1,-73.98582458,40.76045609,2,7,0,0.5,0,0,7.8,3/12/16,3/12/16 0:00,0,40,59
2,2/12/16 9:14,2/12/16 10:09,3,9.79,-73.8708725,40.77366257,1,-73.97598267,40.76550674,1,39,0,0.5,10,5.54,55.34,2/12/16,2/12/16 0:00,0,15,27
1,2/2/16 23:09,2/2/16 23:15,1,1.4,-73.95883942,40.77499771,1,-73.97368622,40.76347351,1,6.5,0.5,0.5,1.56,0,9.36,2/2/16,2/2/16 0:00,0,38,50
2,1/15/16 20:44,1/15/16 20:54,2,1.33,-73.97776031,40.75327301,1,-73.99966431,40.76129532,2,8,0.5,0.5,0,0,9.3,1/15/16,1/15/16 0:00,0,34,51
2,1/12/16 8:41,1/12/16 8:51,3,1.82,-73.97235107,40.75981903,1,-73.98864746,40.73688126,1,9,0,0.5,1.96,0,11.76,1/12/16,1/12/16 0:00,0,25,44
2,3/10/16 15:27,3/10/16 15:38,1,1.29,-73.95754242,40.76993561,1,-73.97361755,40.76483536,2,8.5,0,0.5,0,0,9.3,3/10/16,3/10/16 0:00,0,63,79
1,3/14/16 13:40,3/14/16 14:38,2,16,-73.7833786,40.64868164,2,-74.0161972,40.71129608,1,52,0,0.5,10.55,0,63.35,3/14/16,3/14/16 0:00,0.29,40,51
2,3/7/16 16:07,3/7/16 16:16,1,1.27,-73.95816803,40.76874924,1,-73.95554352,40.78229141,1,8,1,0.5,2.45,0,12.25,3/7/16,3/7/16 0:00,0,36,60
2,2/7/16 5:59,2/7/16 6:02,1,0.7,-73.93781281,40.79719162,1,-73.94949341,40.8020401,1,4.5,0,0.5,1.06,0,6.36,2/7/16,2/7/16 0:00,0,33,47
2,3/12/16 11:22,3/12/16 11:30,2,1.2,-73.97548676,40.75224686,1,-73.99205017,40.74970627,2,7,0,0.5,0,0,7.8,3/12/16,3/12/16 0:00,0,40,59
2,3/5/16 22:43,3/5/16 22:50,2,1.25,-74.00650024,40.74446869,1,-73.98786926,40.74063873,1,7,0.5,0.5,1.66,0,9.96,3/5/16,3/5/16 0:00,0,28,41
1,2/19/16 22:28,2/19/16 22:45,2,2.5,-74.00388336,40.73164368,1,-73.97787476,40.75462723,2,12.5,0.5,0.5,0,0,13.8,2/19/16,2/19/16 0:00,0,24,39
1,3/1/16 18:01,3/1/16 18:16,2,2.6,-73.96665192,40.79376221,1,-73.98773956,40.76148224,2,12,1,0.5,0,0,13.8,3/1/16,3/1/16 0:00,0,39,52
1,1/4/16 2:26,1/4/16 2:32,1,0.8,-73.99964905,40.7339325,1,-73.98577881,40.72925949,1,5.5,0.5,0.5,1,0,7.8,1/4/16,1/4/16 0:00,0,14,36
1,2/5/16 22:16,2/5/16 22:24,1,1.3,-74.01013184,40.72016144,1,-74.00354004,40.73406601,1,7.5,0.5,0.5,1.2,0,10,2/5/16,2/5/16 0:00,0.53,31,44
1,2/4/16 22:21,2/4/16 22:29,1,1.6,-73.97763062,40.78672791,1,-73.95595551,40.78179932,1,8,0.5,0.5,1.4,0,10.7,2/4/16,2/4/16 0:00,0,44,59
2,3/7/16 21:56,3/7/16 22:13,1,9.55,-73.87111664,40.77388382,1,-73.9635849,40.76191711,1,27.5,0.5,0.5,8.58,5.54,42.92,3/7/16,3/7/16 0:00,0,36,60
2,1/3/16 11:37,1/3/16 11:47,1,4.54,-73.97977448,40.73931122,1,-74.00984192,40.70565033,1,15,0,0.5,2,0,17.8,1/3/16,1/3/16 0:00,0,35,45
1,3/1/16 2:55,3/1/16 3:07,1,4.3,-73.95419312,40.76427078,1,-73.92384338,40.77447128,1,14.5,0.5,0.5,3.15,0,18.95,3/1/16,3/1/16 0:00,0,39,52
2,3/14/16 7:12,3/14/16 7:38,4,4.64,-73.95378113,40.82213211,1,-73.98870087,40.76410675,2,19,0,0.5,0,0,19.8,3/14/16,3/14/16 0:00,0.29,40,51
2,3/15/16 10:00,3/15/16 10:28,1,8.69,-73.99434662,40.75088882,1,-73.93978882,40.84720993,2,29,0,0.5,0,0,29.8,3/15/16,3/15/16 0:00,0,44,57
1,2/4/16 16:22,2/4/16 17:05,2,9.5,-73.86338043,40.76962662,1,-73.98231506,40.75703049,2,37,1,0.5,0,5.54,44.34,2/4/16,2/4/16 0:00,0,44,59
2,2/6/16 8:38,2/6/16 8:55,1,4.3,-73.98522949,40.75127029,1,-73.98960876,40.71916962,2,16.5,0,0.5,0,0,17.3,2/6/16,2/6/16 0:00,0,30,40
1,3/14/16 12:34,3/14/16 12:47,1,1.5,-73.96105194,40.78046417,1,-73.97806549,40.76656342,1,10,0,0.5,3.2,0,14,3/14/16,3/14/16 0:00,0.29,40,51
2,3/14/16 13:18,3/14/16 13:32,2,1.16,-73.97750854,40.76076889,1,-73.99004364,40.75169754,1,10,0,0.5,2.16,0,12.96,3/14/16,3/14/16 0:00,0.29,40,51
2,2/2/16 23:57,2/3/16 0:00,1,0.94,-73.99338531,40.7472229,1,-74.0007019,40.73579025,2,5,0.5,0.5,0,0,6.3,2/2/16,2/2/16 0:00,0,38,50
1,1/4/16 21:45,1/4/16 21:49,1,1,-73.91993713,40.76585388,1,-73.90908051,40.76675797,1,5,0.5,0.5,0,0,6.3,1/4/16,1/4/16 0:00,0,14,36
1,3/14/16 8:36,3/14/16 8:43,2,0.9,-73.96431732,40.75656128,1,-73.96289825,40.76645279,1,6.5,0,0.5,1.45,0,8.75,3/14/16,3/14/16 0:00,0.29,40,51
1,1/9/16 2:19,1/9/16 2:26,1,1.6,-74.00550079,40.74200821,1,-73.98451996,40.73702621,1,7,0.5,0.5,2.45,0,10.75,1/9/16,1/9/16 0:00,0,40,47
1,1/16/16 0:51,1/16/16 1:00,1,1.9,-73.99145508,40.7269783,1,-73.97351837,40.74810028,1,8.5,0.5,0.5,1.96,0,11.76,1/16/16,1/16/16 0:00,0.24,42,52
1,2/2/16 6:40,2/2/16 6:46,1,2,-73.99358368,40.74179077,1,-73.97788239,40.76691055,1,8,0,0.5,1.75,0,10.55,2/2/16,2/2/16 0:00,0,38,50
2,2/4/16 12:34,2/4/16 12:37,1,1,-73.96802521,40.76813126,1,-73.9591217,40.78047943,1,5.5,0,0.5,1.26,0,7.56,2/4/16,2/4/16 0:00,0,44,59
1,3/15/16 7:01,3/15/16 7:07,1,1.1,-73.96947479,40.7605896,1,-73.95640564,40.7679863,2,6,0,0.5,0,0,6.8,3/15/16,3/15/16 0:00,0,44,57
2,3/2/16 22:16,3/2/16 22:31,1,7.32,-73.98647308,40.75841141,1,-73.94583893,40.82938004,1,22,0.5,0.5,1,0,24.3,3/2/16,3/2/16 0:00,0.14,29,55
2,2/1/16 19:00,2/1/16 19:17,2,2.07,-73.97828674,40.75336838,1,-73.95717621,40.77165985,1,12,1,0.5,2,0,15.8,2/1/16,2/1/16 0:00,0.01,44,59
2,3/6/16 14:11,3/6/16 14:36,1,14.23,-73.78186035,40.64474869,1,-73.94348145,40.591362,2,39.5,0,0.5,0,0,40.3,3/6/16,3/6/16 0:00,0,32,44
1,1/2/16 20:21,1/2/16 20:29,1,2.1,-73.96999359,40.76023483,1,-73.98778534,40.73535919,1,8,0.5,0.5,2.5,0,11.8,1/2/16,1/2/16 0:00,0,32,40
1,1/4/16 23:04,1/4/16 23:09,3,0.9,-73.98448944,40.72175217,1,-73.98707581,40.72938156,2,5.5,0.5,0.5,0,0,6.8,1/4/16,1/4/16 0:00,0,14,36
1,1/1/16 18:23,1/1/16 18:41,1,5.2,-74.01456451,40.70476532,1,-73.98184967,40.76540756,2,18,0,0.5,0,0,18.8,1/1/16,1/1/16 0:00,0,34,42
2,2/5/16 12:56,2/5/16 13:18,1,3.07,-73.99179077,40.74980164,1,-73.9786911,40.78322983,1,16.5,0,0.5,3.46,0,20.76,2/5/16,2/5/16 0:00,0.53,31,44
2,3/1/16 20:42,3/1/16 21:05,1,4.77,-73.9879303,40.73789215,1,-74.00871277,40.70429611,1,18.5,0.5,0.5,2,0,21.8,3/1/16,3/1/16 0:00,0,39,52
2,2/3/16 15:40,2/3/16 16:20,1,3.12,-73.98773956,40.74138641,1,-73.95735168,40.77849197,1,24,0,0.5,6.2,0,31,2/3/16,2/3/16 0:00,0.73,42,59
2,3/13/16 10:47,3/13/16 10:53,1,0.98,-73.99099731,40.7489357,1,-74.00382233,40.75317383,2,6,0,0.5,0,0,6.8,3/13/16,3/13/16 0:00,0,50,62
2,3/13/16 10:38,3/13/16 10:47,1,1.25,-73.98108673,40.7551384,1,-73.99224091,40.7491188,1,7.5,0,0.5,1.66,0,9.96,3/13/16,3/13/16 0:00,0,50,62
1,1/9/16 2:26,1/9/16 2:30,1,0.4,-73.9872818,40.71840286,1,-73.9899826,40.71526718,1,4.5,0.5,0.5,1.15,0,6.95,1/9/16,1/9/16 0:00,0,40,47
2,1/2/16 12:19,1/2/16 12:24,3,0.86,-73.97598267,40.78632736,1,-73.9793396,40.77665329,1,5,0,0.5,1,0,6.8,1/2/16,1/2/16 0:00,0,32,40
1,3/4/16 13:49,3/4/16 13:55,1,0.9,-74.00452423,40.73780441,1,-73.99329376,40.74577332,1,6,0,0.5,1,0,7.8,3/4/16,3/4/16 0:00,0.11,30,39
2,3/6/16 9:20,3/6/16 9:38,1,10.64,-73.97483826,40.75811386,1,-73.87097168,40.77425385,1,30,0,0.5,9.08,5.54,45.42,3/6/16,3/6/16 0:00,0,32,44
2,3/11/16 19:16,3/11/16 19:34,1,2.6,-73.90461731,40.81837082,1,-73.8968277,40.84555817,2,13,1,0.5,0,0,14.8,3/11/16,3/11/16 0:00,0.06,48,68
2,2/1/16 17:15,2/1/16 17:21,3,1.01,-74.01599884,40.71132278,1,-74.02003479,40.72386169,2,6,1,0.5,0,0,7.8,2/1/16,2/1/16 0:00,0.01,44,59
2,3/4/16 13:58,3/4/16 14:37,3,4.39,-73.970047,40.76360321,1,-73.99598694,40.76910782,1,25,0,0.5,1,0,26.8,3/4/16,3/4/16 0:00,0.11,30,39
1,1/2/16 18:26,1/2/16 18:27,1,0,-73.98805237,40.75372696,1,-73.98808289,40.75369644,2,2.5,0,0.5,0,0,3.3,1/2/16,1/2/16 0:00,0,32,40
1,1/10/16 19:34,1/10/16 19:48,2,7.2,-73.95410919,40.77289581,1,-73.93922424,40.85404587,1,21.5,0,0.5,6.65,0,28.95,1/10/16,1/10/16 0:00,1.8,40,59
2,3/12/16 18:14,3/12/16 18:31,1,2.79,-73.96035004,40.78163147,1,-73.98670197,40.74884033,1,13,0,0.5,1.7,0,15.5,3/12/16,3/12/16 0:00,0,40,59
1,2/4/16 18:17,2/4/16 18:24,1,1.1,-73.98757935,40.75659561,1,-73.98618317,40.74452209,1,6.5,1,0.5,1.5,0,9.8,2/4/16,2/4/16 0:00,0,44,59
2,2/2/16 19:41,2/2/16 19:43,2,0.68,-73.98165131,40.73704147,1,-73.98857117,40.73303223,1,4,1,0.5,1.16,0,6.96,2/2/16,2/2/16 0:00,0,38,50
2,2/6/16 23:38,2/6/16 23:44,1,1.08,-73.99191284,40.73836517,1,-73.9914093,40.72703171,1,5.5,0.5,0.5,1.36,0,8.16,2/6/16,2/6/16 0:00,0,30,40
1,3/4/16 9:33,3/4/16 9:47,1,1.6,-73.98233032,40.77732086,1,-73.97491455,40.75954437,1,10,0,0.5,1,0,11.8,3/4/16,3/4/16 0:00,0.11,30,39
2,3/11/16 13:41,3/11/16 14:08,1,2.29,-73.96456146,40.77598572,1,-73.97988892,40.7533989,1,16.5,0,0.5,3.46,0,20.76,3/11/16,3/11/16 0:00,0.06,48,68
2,3/15/16 13:43,3/15/16 13:56,6,3.73,-73.9543457,40.77918243,1,-73.96807098,40.75126648,2,13.5,0,0.5,0,0,14.3,3/15/16,3/15/16 0:00,0,44,57
1,1/2/16 10:17,1/2/16 10:24,1,1.5,-73.99157715,40.74966431,1,0,0,2,7.5,0,0.5,0,0,8.3,1/2/16,1/2/16 0:00,0,32,40
2,3/7/16 20:38,3/7/16 20:43,3,0.87,-73.95468903,40.76549911,1,-73.96588135,40.76535034,1,5.5,0.5,0.5,1.7,0,8.5,3/7/16,3/7/16 0:00,0,36,60
2,1/2/16 7:34,1/2/16 8:03,1,17.61,-74.01384735,40.70256042,1,-73.79257965,40.68764114,2,48.5,0,0.5,0,0,49.3,1/2/16,1/2/16 0:00,0,32,40
1,1/15/16 21:12,1/15/16 21:24,1,3,-73.98175049,40.7752037,1,-73.95491028,40.80757523,1,11.5,0.5,0.5,2.55,0,15.35,1/15/16,1/15/16 0:00,0,34,51
1,2/5/16 20:04,2/5/16 20:20,1,2.7,-73.97149658,40.76024628,1,-73.99848175,40.73408508,1,12.5,0.5,0.5,2.25,0,16.05,2/5/16,2/5/16 0:00,0.53,31,44
1,2/11/16 17:52,2/11/16 18:01,1,1.3,-73.99856567,40.7336235,1,-74.00942993,40.72392654,2,7.5,1,0.5,0,0,9.3,2/11/16,2/11/16 0:00,0,18,31
2,2/3/16 15:16,2/3/16 15:31,1,1.5,-73.9812088,40.76408386,1,-73.98484802,40.77918625,2,10.5,0,0.5,0,0,11.3,2/3/16,2/3/16 0:00,0.73,42,59
1,1/2/16 14:41,1/2/16 14:55,1,2.5,-73.98291779,40.74747086,1,-73.96170807,40.77925873,2,11.5,0,0.5,0,0,12.3,1/2/16,1/2/16 0:00,0,32,40
1,1/1/16 18:48,1/1/16 19:02,3,2.6,-73.98867798,40.74994278,1,-74.00563812,40.72552109,2,11.5,1,0.5,0,0,13.3,1/1/16,1/1/16 0:00,0,34,42
2,3/9/16 17:20,3/9/16 18:16,3,20.24,-73.78961945,40.64692688,2,-74.00643158,40.70765686,1,52,4.5,0.5,12.57,5.54,75.41,3/9/16,3/9/16 0:00,0,44,77
1,3/1/16 16:38,3/1/16 16:48,1,1.5,-73.9912796,40.71721268,1,-73.99617004,40.73279572,1,9,1,0.5,1,0,11.8,3/1/16,3/1/16 0:00,0,39,52
1,1/12/16 8:27,1/12/16 8:32,2,0.7,-74.00067902,40.74217987,1,-73.99108887,40.74531174,1,5,0,0.5,1.15,0,6.95,1/12/16,1/12/16 0:00,0,25,44
2,3/12/16 19:44,3/12/16 19:57,1,1.6,-73.99739838,40.72624969,1,-74.0056076,40.73674011,2,10,0,0.5,0,0,10.8,3/12/16,3/12/16 0:00,0,40,59
2,3/8/16 17:55,3/8/16 18:10,1,1.5,-73.98925781,40.74187088,1,-73.97781372,40.75215149,2,10.5,1,0.5,0,0,12.3,3/8/16,3/8/16 0:00,0,47,67
1,1/9/16 13:12,1/9/16 13:34,2,6.7,-73.96057129,40.71537018,1,-73.94651794,40.78009033,2,22.5,0,0.5,0,0,23.3,1/9/16,1/9/16 0:00,0,40,47
2,2/11/16 20:12,2/11/16 20:19,1,0.98,-73.97185516,40.75702667,1,-73.98773956,40.76043701,2,6.5,0.5,0.5,0,0,7.8,2/11/16,2/11/16 0:00,0,18,31